,national,hor_name,hor_num,sex,age,debut,total_first,total_second,total_game,win_rate,total_game_1yr,total_earn,total_earn_1yr
0,한국,베스트골드,037819,암,4,-,0,0,0,0,0,0,0
1,한국,매드디바,040937,암,2,-,0,0,0,0,0,0,0
2,한국,슈퍼엑톤,040921,수,2,-,0,0,0,0,0,0,0
3,한국,슈퍼파크,041081,암,2,-,-,-,-,-,-,-,-
4,한국,스루더스카이,041182,거,2,-,-,-,-,-,-,-,-
5,한국,스마트돌풍,040371,수,2,-,-,-,-,-,-,-,-
6,한국,매직만점,041510,수,2,-,-,-,-,-,-,-,-
7,한국,스마트시티,040384,암,2,-,-,-,-,-,-,-,-
8,미국,매직알리바바,041862,암,2,-,-,-,-,-,-,-,-
9,한국,당찬바람,041450,암,2,-,0,0,0,0,0,0,0
0,미국,매직페인터,041864,암,2,-,-,-,-,-,-,-,-
1,미국,매직포스원,041886,거,2,-,-,-,-,-,-,-,-
2,한국,당대월드,039457,암,3,-,0,0,0,0,0,0,0
3,한국,당대소년,040661,거,2,-,-,-,-,-,-,-,-
4,한국,당대미소,040888,암,2,-,-,-,-,-,-,-,-
5,한국,매직플랜,040634,암,2,-,-,-,-,-,-,-,-
6,미국,매트루,041829,거,9,-,-,-,-,-,-,-,-
7,한국,스카이맨,041242,거,2,-,-,-,-,-,-,-,-
8,한국,블루킹,040403,수,2,-,0,0,0,0,0,0,0
9,한국,슈퍼럭키보이,040971,수,2,-,-,-,-,-,-,-,-
0,미국,슈룹,038307,암,3,-,-,-,-,-,-,-,-
1,미국,더트서퍼,043466,수,2,-,-,-,-,-,-,-,-
2,한국,마초홀릭,041072,수,2,-,-,-,-,-,-,-,-
3,한국,마하네단,041202,수,2,-,0,0,0,0,0,0,0
4,한국,더비스트,041452,수,2,-,-,-,-,-,-,-,-
5,한국,비상등,040902,암,2,-,0,0,0,0,0,0,0
6,미국,소울메리트,041851,수,2,-,-,-,-,-,-,-,-
7,한국,더드림,040523,거,2,-,-,-,-,-,-,-,-
8,한국,소중한골든,040687,거,2,-,-,-,-,-,-,-,-
9,한국,비바여왕,038923,암,3,-,0,0,0,0,0,0,0
0,한국,대형호재,040519,수,2,-,0,0,0,0,0,0,0
1,한국,비바드리머,040875,암,2,-,-,-,-,-,-,-,-
2,한국,만세,041041,수,2,-,0,0,0,0,0,0,0
3,미국,비무량,041905,수,2,-,-,-,-,-,-,-,-
4,한국,대일퀸,040695,암,2,-,-,-,-,-,-,-,-
5,한국,송암캔디,038978,거,3,-,0,0,0,0,0,0,0
6,한국,송암캣,040512,암,2,-,-,-,-,-,-,-,-
7,한국,대명다링퀸,039456,암,3,-,-,-,-,-,-,-,-
8,프랑스,맥시멈아우렐리우,040034,거,6,-,-,-,-,-,-,-,-
9,한국,블루케이,041613,암,2,-,-,-,-,-,-,-,-
0,한국,스카이선더,040899,암,2,-,-,-,-,-,-,-,-
1,한국,눈부신한센,041294,암,2,-,-,-,-,-,-,-,-
2,한국,스트롱레드,040685,암,2,-,-,-,-,-,-,-,-
3,한국,네버디피트,040713,수,2,-,-,-,-,-,-,-,-
4,한국,넘버원타깃,040810,암,2,-,-,-,-,-,-,-,-
5,한국,스페셜챔프,039210,암,3,-,0,0,0,0,0,0,0
6,한국,메니챔프,040901,수,2,-,0,0,0,0,0,0,0
7,한국,스프링데이,040721,수,2,-,-,-,-,-,-,-,-
8,한국,스프링컴,040425,거,2,-,0,0,0,0,0,0,0
9,미국,스프링킹,041867,거,2,-,0,0,0,0,0,0,0
0,미국,스피돔,043453,거,2,-,-,-,-,-,-,-,-
1,한국,스피드댄서,041062,암,2,-,-,-,-,-,-,-,-
2,한국,메니히어로,040517,수,2,-,0,0,0,0,0,0,0
3,한국,스피드버드,040985,수,2,-,-,-,-,-,-,-,-
4,호주,메디치스토리,043365,수,2,-,-,-,-,-,-,-,-
5,호주,메디치퀸,043368,암,2,-,-,-,-,-,-,-,-
6,아일랜드,기프티드마스터,041823,거,6,-,-,-,-,-,-,-,-
7,한국,블랙스미스,040555,수,2,-,-,-,-,-,-,-,-
8,한국,뉴드림,040669,수,2,-,0,0,0,0,0,0,0
9,한국,뉴문워리어,040479,거,2,-,-,-,-,-,-,-,-
0,한국,뉴비기닝,041518,암,2,-,-,-,-,-,-,-,-
1,한국,다행이다,041504,수,2,-,0,0,0,0,0,0,0
2,한국,다크피스,041157,암,2,-,-,-,-,-,-,-,-
3,프랑스,다이완세노라,040038,수,6,-,-,-,-,-,-,-,-
4,한국,머니라인,040846,수,2,-,0,0,0,0,0,0,0
5,한국,스카이여신,039325,암,3,-,-,-,-,-,-,-,-
6,한국,스카이타임,040623,암,2,-,-,-,-,-,-,-,-
7,한국,스카이퓨처,040458,거,2,-,-,-,-,-,-,-,-
8,한국,다이나믹펀치,040926,수,2,-,-,-,-,-,-,-,-
9,미국,다이나믹커밍,041848,수,2,-,0,0,0,0,0,0,0
0,한국,블루스타,039430,암,3,-,-,-,-,-,-,-,-
1,아일랜드,다운포스,040040,거,7,-,-,-,-,-,-,-,-
2,뉴질랜드,다니엘,040046,거,8,-,-,-,-,-,-,-,-
3,한국,다나은석세스,041507,거,2,-,-,-,-,-,-,-,-
4,한국,스타트매직,040638,수,2,-,-,-,-,-,-,-,-
5,한국,멋진금성,040824,수,2,-,0,0,0,0,0,0,0
6,한국,늑대전사,039789,수,3,-,-,-,-,-,-,-,-
7,미국,블랙펀치,043446,거,2,-,0,0,0,0,0,0,0
8,한국,데스플라잉,039449,암,3,-,-,-,-,-,-,-,-
9,한국,센킹,041225,수,2,-,-,-,-,-,-,-,-
0,한국,럭키플랜,040636,암,2,-,-,-,-,-,-,-,-
1,한국,럭키스마일,040364,암,2,-,-,-,-,-,-,-,-
2,한국,록라인,040946,수,2,-,-,-,-,-,-,-,-
3,한국,럭키석포,040716,거,2,-,-,-,-,-,-,-,-
4,한국,새내스퍼트,040897,수,2,-,0,0,0,0,0,0,0
5,미국,새내아이린,041911,암,2,-,-,-,-,-,-,-,-
6,한국,록하드스카이,039223,수,3,-,0,0,0,0,0,0,0
7,한국,럭키명호,040353,수,2,-,-,-,-,-,-,-,-
8,한국,새내초이스,040642,암,2,-,0,0,0,0,0,0,0
9,한국,사이먼퓨리,040378,수,2,-,-,-,-,-,-,-,-
0,한국,럭셔리로열,041639,암,2,-,-,-,-,-,-,-,-
1,한국,러피언파크,040610,수,2,-,-,-,-,-,-,-,-
2,한국,새로운군주,039771,거,3,-,0,0,0,0,0,0,0
3,한국,라피도볼트,041618,수,2,-,0,0,0,0,0,0,0
4,한국,샤이니파이어,040456,암,2,-,-,-,-,-,-,-,-
5,한국,라이징빅토리,040972,암,2,-,0,0,0,0,0,0,0
6,한국,라이언여제,041625,암,2,-,-,-,-,-,-,-,-
7,한국,런던보스,041317,수,2,-,-,-,-,-,-,-,-
8,한국,런던의러닝,040475,수,2,-,-,-,-,-,-,-,-
9,미국,런던이글,041895,암,2,-,-,-,-,-,-,-,-
0,한국,삼성비바,040429,수,2,-,0,0,0,0,0,0,0
1,한국,삼다홀릭,039725,암,3,-,-,-,-,-,-,-,-
2,한국,로열축제,039484,암,3,-,0,0,0,0,0,0,0
3,한국,삼정타퍼즈,041057,수,2,-,-,-,-,-,-,-,-
4,한국,레전드스톰,040347,수,2,-,-,-,-,-,-,-,-
5,한국,레인케이,041624,암,2,-,0,0,0,0,0,0,0
6,한국,산뜻한스침,040597,암,2,-,-,-,-,-,-,-,-
7,한국,레이크스타,040250,암,2,-,-,-,-,-,-,-,-
8,한국,사일런트,039036,거,3,-,0,0,0,0,0,0,0
9,뉴질랜드,레이저스톰,040045,거,8,-,-,-,-,-,-,-,-
0,한국,사이킥보스,040267,암,2,-,-,-,-,-,-,-,-
1,한국,레이디켈리,041476,암,2,-,-,-,-,-,-,-,-
2,한국,레스카,040393,암,2,-,-,-,-,-,-,-,-
3,한국,레디포월드,038792,수,3,-,0,0,0,0,0,0,0
4,한국,레드파인,040872,암,2,-,-,-,-,-,-,-,-
5,한국,상전벽해,037320,거,4,-,-,-,-,-,-,-,-
6,한국,새남의별,041407,수,2,-,0,0,0,0,0,0,0
7,한국,샤인뮤직,040446,암,2,-,-,-,-,-,-,-,-
8,한국,사려니,041229,수,2,-,-,-,-,-,-,-,-
9,한국,라온하이,040994,암,2,-,-,-,-,-,-,-,-
0,미국,디케이마루,041877,수,2,-,0,0,0,0,0,0,0
1,미국,마보스,043450,거,2,-,-,-,-,-,-,-,-
2,호주,빅토리메신저,043371,거,2,-,-,-,-,-,-,-,-
3,한국,드림포레,040377,수,2,-,-,-,-,-,-,-,-
4,한국,마음누리,039766,수,3,-,-,-,-,-,-,-,-
5,한국,마음의준비,038833,암,3,-,-,-,-,-,-,-,-
6,한국,선파이팅,041177,암,2,-,-,-,-,-,-,-,-
7,미국,선포레,043468,거,2,-,-,-,-,-,-,-,-
8,한국,동쪽글로리,040502,수,2,-,-,-,-,-,-,-,-
9,한국,섬싱웰메이드,039334,암,3,-,0,0,0,0,0,0,0
0,한국,성실머니,041376,암,2,-,-,-,-,-,-,-,-
1,미국,마이티수,041899,수,2,-,0,0,0,0,0,0,0
2,미국,돌아온뽀빠이,043452,거,2,-,-,-,-,-,-,-,-
3,한국,센마우,040729,수,2,-,-,-,-,-,-,-,-
4,한국,독보천하,040362,암,2,-,-,-,-,-,-,-,-
5,한국,빅리버,041161,암,2,-,-,-,-,-,-,-,-
6,한국,독도사랑,041623,암,2,-,0,0,0,0,0,0,0
7,미국,디케이미르,041876,거,2,-,-,-,-,-,-,-,-
8,미국,디케이별찌,041878,거,2,-,-,-,-,-,-,-,-
9,미국,디케이아리아,041880,수,2,-,-,-,-,-,-,-,-
0,한국,샤인파이터,041470,암,2,-,-,-,-,-,-,-,-
1,한국,라온퍼스트,040560,암,2,-,0,0,0,0,0,0,0
2,미국,샤크짱,041894,수,2,-,0,0,0,0,0,0,0
3,한국,라온패션,041304,거,2,-,-,-,-,-,-,-,-
4,한국,라온터프맨,040559,수,2,-,-,-,-,-,-,-,-
5,한국,라온탑맨,040558,거,2,-,-,-,-,-,-,-,-
6,한국,서니케이,040900,암,2,-,-,-,-,-,-,-,-
7,한국,라온슈퍼맨,040609,거,2,-,-,-,-,-,-,-,-
8,한국,라온빅맨,040508,수,2,-,0,0,0,0,0,0,0
9,한국,라온블러드,040284,암,2,-,0,0,0,0,0,0,0
0,한국,라온라이트맨,040605,거,2,-,0,0,0,0,0,0,0
1,미국,선더비스트,043509,수,2,-,-,-,-,-,-,-,-
2,한국,라스트매직,039270,암,3,-,-,-,-,-,-,-,-
3,한국,선더윈드,040938,수,2,-,-,-,-,-,-,-,-
4,한국,마루캐슬,041642,암,2,-,-,-,-,-,-,-,-
5,한국,디터미네이션,040505,수,2,-,-,-,-,-,-,-,-
6,캐나다,디케이퍼미르,041882,거,2,-,-,-,-,-,-,-,-
7,한국,브이원,041627,수,2,-,-,-,-,-,-,-,-
8,한국,금희인디,040477,수,2,-,-,-,-,-,-,-,-
9,한국,보스코,037067,암,4,-,0,0,0,0,0,0,0
0,한국,미사일마초,039509,수,3,-,-,-,-,-,-,-,-
1,한국,교룡득수,040849,수,2,-,-,-,-,-,-,-,-
2,한국,미사일감동,040698,수,2,-,-,-,-,-,-,-,-
3,한국,아라리요,040478,수,2,-,-,-,-,-,-,-,-
4,한국,보헤미안뮤직,040667,암,2,-,-,-,-,-,-,-,-
5,한국,아라록밴드,040553,암,2,-,-,-,-,-,-,-,-
6,한국,아라가,039687,수,3,-,-,-,-,-,-,-,-
7,한국,삼바킹,040907,수,2,-,-,-,-,-,-,-,-
8,한국,굿원더,039381,암,3,-,-,-,-,-,-,-,-
9,미국,문학탭,043485,수,2,-,-,-,-,-,-,-,-
0,한국,쏘아라여장군,040866,암,2,-,-,-,-,-,-,-,-
1,한국,쏘메,039392,암,3,-,0,0,0,0,0,0,0
2,한국,그랜드마스터,041205,암,2,-,-,-,-,-,-,-,-
3,한국,그랜드플라이,040431,수,2,-,-,-,-,-,-,-,-
4,한국,싱싱유로,041498,수,2,-,0,0,0,0,0,0,0
5,미국,문학퀸,043483,암,2,-,-,-,-,-,-,-,-
6,한국,그린마운틴,041254,수,2,-,-,-,-,-,-,-,-
7,한국,그린볼트,040625,암,2,-,-,-,-,-,-,-,-
8,한국,그린서미트,040329,암,2,-,-,-,-,-,-,-,-
9,미국,그린에이스,041912,암,2,-,-,-,-,-,-,-,-
0,한국,심플스타일,041648,수,2,-,-,-,-,-,-,-,-
1,미국,문학캡틴,043492,수,2,-,-,-,-,-,-,-,-
2,미국,문학챔피언,043386,수,2,-,-,-,-,-,-,-,-
3,미국,문학잭팟,043493,수,2,-,-,-,-,-,-,-,-
4,한국,글로벌골드,041091,수,2,-,-,-,-,-,-,-,-
5,미국,글로벌삭스,043495,수,2,-,-,-,-,-,-,-,-
6,한국,글로벌선더,041195,수,2,-,-,-,-,-,-,-,-
7,한국,글로벌왕자,039485,거,3,-,-,-,-,-,-,-,-
8,한국,부스터로켓,040696,암,2,-,0,0,0,0,0,0,0
9,한국,관악산우박이,039433,거,3,-,-,-,-,-,-,-,-
0,미국,보문정기,041836,거,3,-,0,0,0,0,0,0,0
1,한국,아스트로,040910,수,2,-,-,-,-,-,-,-,-
2,한국,가나파크,040514,암,2,-,-,-,-,-,-,-,-
3,한국,가로수길,039021,수,3,-,0,0,0,0,0,0,0
4,호주,가야영봉,043370,수,2,-,0,0,0,0,0,0,0
5,한국,백제의꿈,041004,암,2,-,-,-,-,-,-,-,-
6,한국,베스트럭키,041251,수,2,-,0,0,0,0,0,0,0
7,한국,백산선더,041519,암,2,-,-,-,-,-,-,-,-
8,미국,강남맨,043389,수,2,-,-,-,-,-,-,-,-
9,한국,백두와한라,041469,암,2,-,-,-,-,-,-,-,-
0,한국,백두산천지,040576,수,2,-,-,-,-,-,-,-,-
1,한국,강한여전사,040583,암,2,-,0,0,0,0,0,0,0
2,한국,방주,040305,수,2,-,-,-,-,-,-,-,-
3,한국,알찬누리,041018,수,2,-,-,-,-,-,-,-,-
4,한국,거센질주,040300,암,2,-,-,-,-,-,-,-,-
5,한국,검포,040738,수,2,-,0,0,0,0,0,0,0
6,한국,발레리나,039280,암,3,-,0,0,0,0,0,0,0
7,아일랜드,알레앙리,040037,거,8,-,-,-,-,-,-,-,-
8,아일랜드,고든로드바이런,040041,거,11,-,-,-,-,-,-,-,-
9,한국,고속페달,040816,수,2,-,-,-,-,-,-,-,-
0,한국,고어헤드,041135,암,2,-,-,-,-,-,-,-,-
1,한국,바비블레이드,040320,암,2,-,-,-,-,-,-,-,-
2,한국,바벨,040309,수,2,-,-,-,-,-,-,-,-
3,한국,골드브릿지,040280,수,2,-,0,0,0,0,0,0,0
4,한국,골드캡틴,039768,거,3,-,0,0,0,0,0,0,0
5,한국,골드컬러즈,040641,수,2,-,-,-,-,-,-,-,-
6,한국,베스트탑,041501,수,2,-,-,-,-,-,-,-,-
7,한국,베스트파티,041499,암,2,-,-,-,-,-,-,-,-
8,한국,골든스위치,040352,암,2,-,-,-,-,-,-,-,-
9,한국,밀키셰리,041019,암,2,-,-,-,-,-,-,-,-
0,한국,골목대장,039584,암,3,-,-,-,-,-,-,-,-
1,한국,공작왕,040722,수,2,-,-,-,-,-,-,-,-
2,한국,부엔아미고,040491,수,2,-,-,-,-,-,-,-,-
3,미국,슬립웰,043505,수,2,-,-,-,-,-,-,-,-
4,한국,금아키튼,040449,수,2,-,-,-,-,-,-,-,-
5,한국,문학다크호스,039191,수,3,-,-,-,-,-,-,-,-
6,미국,브라보삭스,043496,거,2,-,0,0,0,0,0,0,0
7,한국,금아플로러스,041481,수,2,-,-,-,-,-,-,-,-
8,한국,금빛도전,039130,거,3,-,-,-,-,-,-,-,-
9,미국,문학리워드,043481,암,2,-,-,-,-,-,-,-,-
0,호주,모닝타이거,043367,거,2,-,-,-,-,-,-,-,-
1,호주,무소의뿔,043375,거,2,-,-,-,-,-,-,-,-
2,미국,문학번개,043484,수,2,-,-,-,-,-,-,-,-
3,미국,문학보스,043482,수,2,-,0,0,0,0,0,0,0
4,미국,무비쿠스,043508,수,2,-,-,-,-,-,-,-,-
5,아일랜드,시티머니,040043,수,7,-,-,-,-,-,-,-,-
6,한국,금아마이티,040879,수,2,-,-,-,-,-,-,-,-
7,미국,금자유,041898,암,2,-,0,0,0,0,0,0,0
8,한국,시선집중,040571,수,2,-,-,-,-,-,-,-,-
9,한국,신록,040331,수,2,-,-,-,-,-,-,-,-
0,한국,신대로,040515,수,2,-,-,-,-,-,-,-,-
1,미국,금아애자일,043464,수,2,-,-,-,-,-,-,-,-
2,한국,히포그리피,039259,암,3,-,0,0,0,0,0,0,0
3,한국,클린업해피,040349,수,2,-,-,-,-,-,-,-,-
4,한국,클리어하트,038472,암,3,-,-,-,-,-,-,-,-
5,한국,클레이위너,041064,수,2,-,-,-,-,-,-,-,-
6,한국,월드비욘드,040281,암,2,-,-,-,-,-,-,-,-
7,한국,큐피드허니,040398,거,2,-,-,-,-,-,-,-,-
8,한국,큐피드코리아,040925,수,2,-,-,-,-,-,-,-,-
9,한국,위너블루,041607,수,2,-,-,-,-,-,-,-,-
0,한국,큐피드장군,039289,수,3,-,-,-,-,-,-,-,-
1,미국,큐피드스카이,043465,거,2,-,-,-,-,-,-,-,-
2,한국,큐피드비상,041268,암,2,-,-,-,-,-,-,-,-
3,한국,위너이즈웰,038463,수,3,-,-,-,-,-,-,-,-
4,한국,위너퀸즈,039563,암,3,-,-,-,-,-,-,-,-
5,한국,퀸라이언,040725,암,2,-,0,0,0,0,0,0,0
6,한국,콰이어트아델,041622,암,2,-,0,0,0,0,0,0,0
7,미국,코인피버,041856,수,2,-,-,-,-,-,-,-,-
8,한국,코리아기적,040306,수,2,-,0,0,0,0,0,0,0
9,한국,위시미,041082,암,2,-,-,-,-,-,-,-,-
0,한국,케이프어게인,039452,암,3,-,0,0,0,0,0,0,0
1,한국,케이톱킹,040275,수,2,-,-,-,-,-,-,-,-
2,한국,윈드힐,040426,암,2,-,-,-,-,-,-,-,-
3,미국,캡틴포스원,041883,수,2,-,0,0,0,0,0,0,0
4,한국,캡틴브라보,040452,거,2,-,-,-,-,-,-,-,-
5,한국,율도장사,040494,암,2,-,-,-,-,-,-,-,-
6,한국,클린하트,041046,수,2,-,-,-,-,-,-,-,-
7,한국,원더풀플레저,040776,암,2,-,0,0,0,0,0,0,0
8,한국,우주륭,041360,암,2,-,-,-,-,-,-,-,-
9,한국,티즈시티,039480,수,3,-,-,-,-,-,-,-,-
0,미국,트윈제트,041893,수,2,-,0,0,0,0,0,0,0
1,한국,트리플플라이,041024,암,2,-,-,-,-,-,-,-,-
2,한국,울트라애니,040388,암,2,-,0,0,0,0,0,0,0
3,미국,템플야라,041560,암,3,-,0,0,0,0,0,0,0
4,한국,테라스피드,041074,수,2,-,-,-,-,-,-,-,-
5,한국,탱고타임,040935,수,2,-,0,0,0,0,0,0,0
6,한국,태양의눈,041408,수,2,-,-,-,-,-,-,-,-
7,한국,원더풀니키야,040779,암,2,-,0,0,0,0,0,0,0
8,한국,탑기,040657,암,2,-,0,0,0,0,0,0,0
9,한국,원더풀라이트,040401,암,2,-,-,-,-,-,-,-,-
0,한국,원더풀러너,041434,거,2,-,-,-,-,-,-,-,-
1,한국,원더풀레벨,039293,암,3,-,-,-,-,-,-,-,-
2,한국,킹오브킹즈,038549,수,3,-,0,0,0,0,0,0,0
3,미국,정문에이스,043456,수,2,-,0,0,0,0,0,0,0
4,한국,킹에이스,040258,수,2,-,0,0,0,0,0,0,0
5,한국,원더풀어게인,040814,암,2,-,-,-,-,-,-,-,-
6,한국,원더풀오렌지,040773,암,2,-,0,0,0,0,0,0,0
7,한국,원더풀제이드,041271,수,2,-,-,-,-,-,-,-,-
8,한국,킹덤블레이드,040927,암,2,-,-,-,-,-,-,-,-
9,한국,원더풀캣,040261,암,2,-,-,-,-,-,-,-,-
0,영국,킴버렐라,041824,거,9,-,-,-,-,-,-,-,-
1,미국,카일룸제왕,043447,거,2,-,-,-,-,-,-,-,-
2,미국,축복의약속,043506,수,2,-,-,-,-,-,-,-,-
3,미국,천사박,043497,암,2,-,0,0,0,0,0,0,0
4,한국,천둥여울,040430,암,2,-,-,-,-,-,-,-,-
5,한국,천둥기세,041329,수,2,-,-,-,-,-,-,-,-
6,미국,장산골드,043498,암,2,-,-,-,-,-,-,-,-
7,미국,장산럭키,041909,거,2,-,-,-,-,-,-,-,-
8,미국,장산몬스터,043436,거,2,-,-,-,-,-,-,-,-
9,미국,장산스타트,043437,거,2,-,0,0,0,0,0,0,0
0,한국,장산엔진,041334,암,2,-,-,-,-,-,-,-,-
1,미국,천군,041903,수,2,-,-,-,-,-,-,-,-
2,한국,차세대강자,040631,수,2,-,0,0,0,0,0,0,0
3,미국,장산탱크,043494,거,2,-,-,-,-,-,-,-,-
4,한국,좋은느낌,041288,암,2,-,-,-,-,-,-,-,-
5,미국,장산포에버,043438,거,2,-,-,-,-,-,-,-,-
6,한국,좋은가문,039671,거,3,-,-,-,-,-,-,-,-
7,한국,졸리로저,041479,수,2,-,0,0,0,0,0,0,0
8,한국,조커,041588,암,2,-,-,-,-,-,-,-,-
9,한국,조이풀룰러,038884,암,3,-,-,-,-,-,-,-,-
0,한국,제인투,039713,암,3,-,-,-,-,-,-,-,-
1,미국,점프블레이드,043441,거,2,-,-,-,-,-,-,-,-
2,한국,제이엠파이터,041352,수,2,-,0,0,0,0,0,0,0
3,미국,정상처럼,041890,수,2,-,-,-,-,-,-,-,-
4,한국,정문레이저,039538,거,3,-,0,0,0,0,0,0,0
5,미국,정상스마트,041896,거,2,-,0,0,0,0,0,0,0
6,한국,자이언트걸,041305,암,2,-,0,0,0,0,0,0,0
7,한국,천사의별,041406,수,2,-,-,-,-,-,-,-,-
8,한국,최강마,041589,암,2,-,-,-,-,-,-,-,-
9,한국,초토마,040650,수,2,-,0,0,0,0,0,0,0
0,한국,이비사걸,041846,암,2,-,-,-,-,-,-,-,-
1,한국,초동샤이니,040282,암,2,-,0,0,0,0,0,0,0
2,한국,초동보스,039572,수,3,-,0,0,0,0,0,0,0
3,미국,이스트반,041928,거,2,-,-,-,-,-,-,-,-
4,한국,이스트원,041451,수,2,-,-,-,-,-,-,-,-
5,한국,초동로켓,040411,수,2,-,-,-,-,-,-,-,-
6,한국,초동로즈,038760,암,3,-,0,0,0,0,0,0,0
7,한국,초동럭키,041174,암,2,-,-,-,-,-,-,-,-
8,한국,이천특급,040361,수,2,-,-,-,-,-,-,-,-
9,한국,이터널메모리,041120,수,2,-,0,0,0,0,0,0,0
0,한국,초강국,040874,암,2,-,-,-,-,-,-,-,-
1,미국,청담포리스트,043440,암,2,-,-,-,-,-,-,-,-
2,한국,천해강자,039454,거,3,-,-,-,-,-,-,-,-
3,한국,인디위너,038928,암,3,-,-,-,-,-,-,-,-
4,한국,천지화랑,040355,수,2,-,-,-,-,-,-,-,-
5,한국,천지울림,040350,거,2,-,0,0,0,0,0,0,0
6,미국,인천보스,043491,수,2,-,-,-,-,-,-,-,-
7,한국,천지여걸,040681,암,2,-,-,-,-,-,-,-,-
8,한국,천지바람,040794,수,2,-,-,-,-,-,-,-,-
9,한국,천지꽃바람,040756,암,2,-,-,-,-,-,-,-,-
0,한국,일보등천,041143,수,2,-,0,0,0,0,0,0,0
1,한국,티케이데이,041619,암,2,-,0,0,0,0,0,0,0
2,미국,페이버릿스토리,041725,거,3,-,-,-,-,-,-,-,-
3,미국,에치드프라임,041874,거,2,-,-,-,-,-,-,-,-
4,한국,프리스타일,040266,수,2,-,0,0,0,0,0,0,0
5,한국,해피먼스,040648,암,2,-,-,-,-,-,-,-,-
6,한국,해피문,038499,암,3,-,0,0,0,0,0,0,0
7,한국,퓨처파이어,040278,수,2,-,0,0,0,0,0,0,0
8,한국,해피뮤직,040330,거,2,-,-,-,-,-,-,-,-
9,한국,폴카,041114,암,2,-,-,-,-,-,-,-,-
0,캐나다,오렌지스텝,041861,암,2,-,-,-,-,-,-,-,-
1,한국,오월강자,040348,수,2,-,-,-,-,-,-,-,-
2,한국,해피플랜,040635,암,2,-,-,-,-,-,-,-,-
3,한국,오주애마,041488,수,2,-,-,-,-,-,-,-,-
4,한국,포에버럭키,040585,암,2,-,-,-,-,-,-,-,-
5,한국,포스윈,041298,암,2,-,-,-,-,-,-,-,-
6,미국,에이스찬,041902,수,2,-,0,0,0,0,0,0,0
7,호주,엘리트레오,043372,거,2,-,0,0,0,0,0,0,0
8,한국,옥추마,040464,수,2,-,-,-,-,-,-,-,-
9,한국,핵삭스,041483,수,2,-,-,-,-,-,-,-,-
0,한국,허니버터바비,040712,암,2,-,-,-,-,-,-,-,-
1,미국,에코빅터,041887,수,2,-,-,-,-,-,-,-,-
2,미국,에코빌,041889,수,2,-,-,-,-,-,-,-,-
3,한국,한일모아,040521,암,2,-,-,-,-,-,-,-,-
4,한국,엘리트레이디,041614,암,2,-,0,0,0,0,0,0,0
5,미국,엘리트라인,041892,수,2,-,-,-,-,-,-,-,-
6,한국,엘리트어게인,040822,암,2,-,-,-,-,-,-,-,-
7,한국,한센골드,041145,수,2,-,-,-,-,-,-,-,-
8,한국,한라블로섬,040844,수,2,-,0,0,0,0,0,0,0
9,한국,한센댄서,040711,수,2,-,-,-,-,-,-,-,-
0,미국,엑시트포인트,041875,수,2,-,-,-,-,-,-,-,-
1,한국,피케이돌풍,041615,수,2,-,0,0,0,0,0,0,0
2,한국,피엔에스파랑,041184,수,2,-,-,-,-,-,-,-,-
3,한국,피엔에스로얄,041208,암,2,-,-,-,-,-,-,-,-
4,한국,피엔에스니드,040823,암,2,-,-,-,-,-,-,-,-
5,한국,피엔에스노랑,041209,수,2,-,-,-,-,-,-,-,-
6,한국,피어나다,041512,암,2,-,-,-,-,-,-,-,-
7,미국,피버디니,041850,수,2,-,0,0,0,0,0,0,0
8,한국,한센프리마,040922,암,2,-,-,-,-,-,-,-,-
9,한국,엑설런트하이,041233,암,2,-,-,-,-,-,-,-,-
0,한국,연승장관,040442,수,2,-,0,0,0,0,0,0,0
1,한국,열린문,041149,수,2,-,-,-,-,-,-,-,-
2,한국,페더럴검,040683,암,2,-,-,-,-,-,-,-,-
3,한국,화이트스톤,039705,거,3,-,-,-,-,-,-,-,-
4,한국,환희의승리,039593,거,3,-,-,-,-,-,-,-,-
5,미국,우귀륭,041904,암,2,-,-,-,-,-,-,-,-
6,한국,파워타워,040666,암,2,-,0,0,0,0,0,0,0
7,미국,황금럭키,043510,수,2,-,-,-,-,-,-,-,-
8,한국,왕탱이,040313,수,2,-,-,-,-,-,-,-,-
9,한국,왓어스페셜,040457,암,2,-,-,-,-,-,-,-,-
0,한국,황금해,040482,수,2,-,-,-,-,-,-,-,-
1,한국,흥행질주,040633,수,2,-,-,-,-,-,-,-,-
2,미국,파인터치,043457,수,2,-,0,0,0,0,0,0,0
3,한국,와일드킹덤,040399,수,2,-,0,0,0,0,0,0,0
4,한국,파이널강자,040434,암,2,-,-,-,-,-,-,-,-
5,미국,와일드코리아,043500,수,2,-,-,-,-,-,-,-,-
6,한국,와일드우즈,040819,수,2,-,-,-,-,-,-,-,-
7,호주,홍시,043366,암,2,-,0,0,0,0,0,0,0
8,한국,히든그레이스,040793,암,2,-,-,-,-,-,-,-,-
9,한국,펀치파워,040647,수,2,-,-,-,-,-,-,-,-
0,한국,퍼펙트파워,041373,수,2,-,-,-,-,-,-,-,-
1,한국,우승으로,039345,수,3,-,-,-,-,-,-,-,-
2,미국,패트리어츠테일,041881,수,2,-,0,0,0,0,0,0,0
3,한국,티케파이어,040454,수,2,-,-,-,-,-,-,-,-
4,한국,우봉륭,040463,암,2,-,0,0,0,0,0,0,0
5,한국,홍산,040407,거,2,-,-,-,-,-,-,-,-
6,일본,키몬아발론,038057,수,10,20160605,0,0,2,0,0,10000000,0
7,일본,파티드레스,039877,암,8,20170604,0,0,1,0,0,0,0
8,일본,그레이스풀립,040044,수,9,20170910,1,0,1,100,0,399000000,0
9,호주,윔블던,040039,수,7,20170910,0,0,1,0,0,0,0
0,호주,럭키이어,040042,거,7,20170910,0,0,1,0,0,0,0
1,미국,더트루스오어엘스,040047,수,7,20170910,0,0,1,0,0,35000000,0
2,프랑스,스키페리아,040036,암,8,20170910,0,0,1,0,0,0,0
3,미국,파파샷,040032,거,7,20170910,0,0,1,0,0,130000000,0
4,영국,니무르,040035,거,6,20170910,0,0,1,0,0,0,0
5,미국,서킷랜드,040048,거,8,20170910,0,0,1,0,0,0,0
6,한국,파이어윈드,037605,암,4,20170826,4,1,9,44.4,7,176350000,117550000
7,한국,우리의행복,036202,수,5,20160925,4,5,16,25,6,227950000,109800000
8,한국,메니뮤직,034170,암,6,20150808,6,6,32,18.8,9,400150000,64000000
9,한국,로켓퀸,036267,암,5,20160618,6,3,19,31.6,6,355550000,132950000
0,한국,클레오,036183,암,5,20170122,1,2,13,7.7,9,59700000,42820000
1,한국,빅토리세븐,038059,거,4,20180429,0,0,2,0,0,0,0
2,한국,사과랑,037928,암,4,20180225,2,0,4,50,4,56000000,56000000
3,한국,아테나브이,039759,암,3,20180721,0,1,2,0,2,17800000,17800000
4,한국,메인레이서,037996,수,4,20180203,0,2,6,0,6,13280000,13280000
5,미국,모아닌,041825,수,7,20180909,1,0,1,100,1,399000000,399000000
6,프랑스,킹말픽,041826,거,6,20180909,0,0,1,0,1,0,0
7,영국,파이트히어로,041827,거,8,20180909,0,1,1,0,1,147000000,147000000
8,미국,츄블리셔스,041822,거,8,20180909,0,0,1,0,1,35000000,35000000
9,미국,와일드듀드,038226,수,9,20160911,0,0,2,0,1,0,0
0,일본,런던타운,040033,수,6,20170910,2,0,2,100,1,1140000000,570000000
1,아일랜드,리븐라이트,041831,거,7,20180909,0,0,1,0,1,0,0
2,아일랜드,포레스트레인저,041832,거,5,20180909,0,0,1,0,1,40000000,40000000
3,미국,막시무스,041830,거,6,20180909,0,0,1,0,1,0,0
4,미국,인노블드프렌드,041828,거,9,20180909,-,-,-,-,-,-,-
5,한국,마하승천,039074,수,3,20180916,0,0,1,0,1,0,0
6,미국,코레미카바요,040114,수,3,20180929,0,0,1,0,1,3750000,3750000
7,미국,하이올드실버,039938,거,4,20170827,1,0,3,33.3,2,37200000,34200000
8,한국,화이트코멧,039390,수,3,20181006,0,0,1,0,1,0,0
9,미국,장산세븐,039852,거,4,20180826,0,0,2,0,2,0,0
0,한국,마이티와,034962,수,5,20161203,1,2,17,5.9,3,60540000,20400000
1,한국,신돌격,035059,거,5,20170312,3,4,14,21.4,7,160050000,41250000
2,한국,베스트왕자,039329,거,3,20180728,0,0,1,0,1,0,0
3,한국,타미나,037744,암,4,20180422,0,0,4,0,4,1600000,1600000
4,미국,글로벌보스,041749,수,3,20181027,0,0,1,0,1,0,0
5,미국,극기상진,040107,수,3,20180818,1,0,3,33.3,3,43950000,43950000
6,한국,알리바바퀸,039441,암,3,20181103,0,0,1,0,1,0,0
7,한국,엘카,037633,수,4,20180311,4,1,9,44.4,4,152700000,65100000
8,호주,금아래피드,036447,거,5,20160515,3,3,14,21.4,3,186900000,0
9,한국,친친짠,033240,거,6,20151003,5,2,26,19.2,4,202000000,9750000
0,한국,킹오브선데이,039196,수,3,20181007,1,0,2,50,2,36600000,36600000
1,한국,굿마운트,036898,수,4,20181007,0,0,1,0,1,0,0
2,미국,갤럽컬린,041600,거,3,20180901,0,0,3,0,3,0,0
3,한국,백산메니퀸,038504,암,3,20180721,2,0,5,40,5,57000000,57000000
4,미국,왕벚꽃,041598,거,3,20180825,3,1,4,75,4,263700000,263700000
5,미국,막지마,039866,수,4,20170729,0,2,15,0,4,63900000,6750000
6,한국,해샘찬,038688,암,3,20180812,0,0,3,0,3,6000000,6000000
7,미국,돌콩,038099,수,5,20160827,6,3,11,54.5,3,754300000,335500000
8,한국,사나래,038547,암,3,20181215,0,0,1,0,1,0,0
9,한국,메니스탠드,039376,암,3,20181117,0,0,2,0,2,3000000,3000000
0,한국,제이콥,039010,거,3,20180714,1,0,5,20,5,41400000,41400000
1,한국,승리용병,038796,수,3,20181222,0,0,1,0,1,0,0
2,한국,프린스오브선,036857,거,4,20180422,2,0,8,25,5,47200000,24400000
3,한국,행운머니,035963,암,5,20160731,3,2,22,13.6,4,155950000,22750000
4,한국,돌아온아침해,036891,수,4,20170903,4,2,13,30.8,5,177200000,102000000
5,한국,베스트로드,031692,거,7,20150322,5,4,28,17.9,5,280150000,18900000
6,미국,포르티오르,041587,거,3,20180728,0,0,6,0,6,0,0
7,한국,리치여장군,035094,암,5,20170212,5,0,10,50,1,177450000,0
8,미국,대일신화,034804,수,6,20150726,4,3,28,14.3,4,333300000,108600000
9,한국,대마지풍,039463,수,3,20190113,0,0,1,0,1,0,0
0,호주,골드해머,041575,수,3,20180909,0,1,5,0,5,51600000,51600000
1,미국,화이팅랭퍼,041532,수,3,20181021,0,2,4,0,4,31950000,31950000
2,한국,원더풀잭팟,036947,수,4,20170617,6,1,15,40,5,317090000,151950000
3,한국,서핑포인트,037204,암,4,20180311,2,1,11,18.2,5,56080000,36480000
4,한국,원더풀워리어,039004,암,3,20181110,0,0,2,0,2,0,0
5,미국,골든블랙,040119,거,4,20180225,1,2,11,9.1,6,88050000,21750000
6,한국,사이보그,039353,암,3,20181208,0,0,2,0,2,0,0
7,미국,프린스조이,039993,거,4,20171028,0,0,12,0,5,7200000,4800000
8,한국,검홍,039399,암,3,20181013,0,1,4,0,4,24400000,24400000
9,한국,골드뮤직,033314,거,6,20151213,6,7,27,22.2,4,429600000,23100000
0,호주,크레이지팩터,041574,수,3,20180630,1,0,8,12.5,7,49800000,42000000
1,미국,마이티씽,039977,수,4,20170917,6,1,13,46.2,4,329150000,51500000
2,한국,키스인더파크,039218,암,3,20181215,0,0,2,0,2,0,0
3,미국,스피드위너,041738,수,3,20181021,1,2,4,25,4,74850000,74850000
4,한국,달려라광산,037838,암,4,20180203,1,0,7,14.3,6,18800000,18800000
5,미국,캡틴삭스,041728,수,3,20190106,0,0,2,0,2,11550000,11550000
6,한국,마초브레시,039198,암,3,20181209,0,0,3,0,3,0,0
7,한국,페네트로,037307,거,4,20170820,4,4,13,30.8,7,244700000,158700000
8,한국,원더케이,039263,수,3,20190216,0,0,1,0,1,0,0
9,미국,아르폰스,041754,수,3,20180929,0,0,5,0,5,2400000,2400000
0,미국,플래시제트,041722,수,3,20180929,0,1,5,0,5,32550000,32550000
1,한국,불운비,039237,수,3,20180714,1,1,8,12.5,8,38800000,38800000
2,한국,이천도자기,038979,거,3,20181216,0,0,2,0,2,0,0
3,한국,하나미치,039312,수,3,20180812,0,2,6,0,6,10080000,10080000
4,한국,파이팅히어로,039162,거,3,20181027,1,0,5,20,5,41400000,41400000
5,미국,싱싱메리,041723,암,3,20181027,1,0,3,33.3,3,46950000,46950000
6,미국,매지컬초이스,039945,수,4,20181111,1,1,4,25,4,60300000,60300000
7,한국,울트라챔피언,038648,거,3,20180623,3,0,9,33.3,8,73680000,73680000
8,한국,굴참나무숲,037453,암,4,20180120,3,0,8,37.5,6,87800000,63000000
9,한국,원더풀브러시,039002,수,3,20181027,0,0,5,0,5,12600000,12600000
0,한국,히트더페이스,038829,거,3,20181104,0,0,4,0,4,3200000,3200000
1,한국,패밀리호프,039761,암,3,20181117,0,0,4,0,4,0,0
2,한국,파레시아,039011,수,3,20180616,1,1,8,12.5,7,19920000,19920000
3,한국,달과구름,040105,거,3,20180623,1,1,6,16.7,5,48200000,48200000
4,미국,다비키,040014,거,4,20180310,0,1,8,0,4,25800000,10800000
5,한국,타우러스,037863,수,4,20180701,2,2,7,28.6,6,58680000,50280000
6,한국,위드프렌드십,037383,거,4,20171015,2,2,14,14.3,6,124100000,69100000
7,한국,레이디다이아,039137,암,3,20181103,0,1,5,0,5,15720000,15720000
8,미국,말리부불패,039935,수,4,20180203,4,3,12,33.3,7,261000000,190950000
9,한국,호스캡틴,039146,수,3,20190126,0,0,2,0,2,0,0
0,한국,금빛장인,039476,수,3,20181021,2,0,3,66.7,3,60600000,60600000
1,한국,속보태자,035032,거,5,20161105,1,1,28,3.6,6,77600000,0
2,미국,피닉스울프,041654,암,3,20181013,0,2,6,0,6,49050000,49050000
3,한국,천년바이킹,038503,암,3,20180825,2,2,4,50,4,93600000,93600000
4,한국,센터폴,039511,암,3,20190105,1,0,3,33.3,3,24800000,24800000
5,한국,무도,039629,수,3,20181117,0,2,4,0,4,19200000,19200000
6,미국,천행,034863,거,6,20150531,4,3,40,10,8,257250000,91500000
7,한국,통합시대,037723,암,4,20171224,0,0,7,0,6,7600000,2400000
8,한국,러브레이스,039384,암,3,20190106,1,0,3,33.3,3,22800000,22800000
9,한국,아워사이먼,039377,암,3,20181215,0,0,2,0,2,1600000,1600000
0,한국,사려니선더,036958,수,4,20170826,2,0,12,16.7,4,49820000,0
1,한국,비평,039764,수,3,20180616,1,4,6,16.7,5,87150000,71400000
2,한국,글로벌뉴스,037712,수,4,20171203,4,2,11,36.4,5,170800000,73200000
3,미국,우승특기,039968,수,4,20171104,1,0,10,10,6,48750000,40950000
4,미국,베스트군함,040074,수,3,20181103,0,1,5,0,5,12600000,12600000
5,한국,캠핑매니아,038492,암,3,20180930,0,0,5,0,5,960000,960000
6,한국,송암준,037159,암,4,20180225,0,2,10,0,6,18800000,8400000
7,한국,아즈위스톤,039035,수,3,20181215,0,0,3,0,3,0,0
8,한국,농본대로,037062,거,4,20170730,6,1,17,35.3,6,216460000,4500000
9,한국,기븐위켄드,039701,거,3,20180826,2,0,7,28.6,7,38080000,38080000
0,호주,파이널에센스,040071,암,3,20180415,0,0,8,0,7,18600000,18600000
1,미국,파노라마쇼,039936,거,4,20171202,5,1,10,50,7,343750000,293200000
2,미국,천지가,036556,거,6,20160924,8,0,19,42.1,5,480650000,230400000
3,한국,천지스톰,034254,수,6,20150919,9,3,23,39.1,5,865050000,0
4,한국,비바킹,038762,거,3,20181201,0,0,2,0,2,0,0
5,한국,블레이드스톰,038581,거,3,20181021,0,0,4,0,4,17600000,17600000
6,미국,프로마테우스,036504,거,6,20150823,2,3,29,6.9,6,152350000,42750000
7,미국,투고윈,039865,암,4,20170827,1,4,11,9.1,5,118050000,68550000
8,한국,그린사랑,038689,암,3,20181014,1,2,6,16.7,6,57600000,57600000
9,한국,속보왕위,037701,암,4,20180113,1,1,17,5.9,11,36160000,31120000
0,한국,정상여신,039526,암,3,20180811,2,1,6,33.3,6,56400000,56400000
1,한국,온누리알바,035665,거,5,20170513,1,2,18,5.6,7,48140000,22000000
2,한국,라온시리우스,037380,거,4,20171125,3,1,14,21.4,9,121230000,89750000
3,한국,드림채트,038898,암,3,20190324,0,0,1,0,1,5200000,5200000
4,한국,대카인,037128,수,4,20170715,0,4,16,0,8,43840000,27040000
5,미국,원더풀인디언,040118,거,3,20181209,0,0,4,0,4,6150000,6150000
6,한국,질풍같이,037329,수,4,20181117,2,0,5,40,5,36480000,36480000
7,미국,금석돌파,041752,거,3,20181006,2,0,6,33.3,6,80550000,80550000
8,한국,적광,039581,수,3,20190126,0,0,2,0,2,1600000,1600000
9,미국,선더블레이드,041586,거,3,20181006,2,2,6,33.3,6,130500000,130500000
0,한국,스페셜위너,037251,수,4,20171209,3,2,18,16.7,9,124550000,104950000
1,미국,아이비에스마린,039868,수,4,20170924,3,0,10,30,3,132450000,0
2,한국,최강캠프,038531,암,3,20190330,0,0,1,0,1,0,0
3,한국,컴플리트쇼크,038649,암,3,20190223,0,0,1,0,1,0,0
4,한국,아쿠아스톰,036923,수,4,20171015,2,1,11,18.2,4,54480000,39680000
5,한국,클래식댄서,038915,암,3,20190331,0,0,1,0,1,0,0
6,한국,조이오브킹,039370,거,3,20190303,0,0,2,0,2,0,0
7,한국,야호스카이캣,032403,거,7,20141129,7,7,34,20.6,5,765800000,168000000
8,미국,청수여걸,040003,암,4,20170930,2,3,9,22.2,2,400800000,52500000
9,한국,그린레이저,039169,암,3,20190202,0,0,2,0,2,0,0
0,한국,매직로드,037756,암,4,20180331,3,2,10,30,6,123300000,65550000
1,한국,베스트채플,037527,암,4,20171223,2,2,13,15.4,8,70480000,39000000
2,한국,위너브라운,038640,수,3,20180902,3,1,6,50,6,104000000,104000000
3,한국,럭키루키,037201,수,4,20171217,5,1,13,38.5,9,203650000,164250000
4,한국,선샤인레이디,039407,암,3,20181216,0,0,3,0,3,2000000,2000000
5,한국,퀸오브골드,038449,암,3,20190406,0,0,1,0,1,0,0
6,미국,말리지마,039790,수,4,20180310,0,0,9,0,7,18600000,18600000
7,한국,코인블레이드,039624,수,3,20190407,0,0,1,0,1,5200000,5200000
8,한국,정성홀리데이,039524,거,3,20190302,0,0,2,0,2,0,0
9,한국,논스톱위닝,038756,거,3,20190203,0,0,2,0,2,5200000,5200000
0,한국,종다리낭랑,040049,암,3,20190302,0,0,2,0,2,0,0
1,한국,아레스선더,037309,수,4,20170916,1,0,19,5.3,9,39280000,21600000
2,한국,곤설,032494,거,7,20150516,1,3,50,2,11,88800000,28400000
3,한국,한일달빛,036986,수,4,20180113,1,3,12,8.3,8,54800000,42800000
4,한국,소비뇽,036987,암,4,20170813,2,0,14,14.3,4,66300000,0
5,미국,그레이트리,041756,거,3,20180929,0,0,6,0,6,4800000,4800000
6,미국,오케이연답,038146,암,5,20160924,2,2,16,12.5,3,163400000,23100000
7,한국,메니타운십,039578,암,3,20190120,0,0,3,0,3,0,0
8,한국,대용왕,038604,수,3,20181006,0,0,7,0,7,15800000,15800000
9,한국,대성하늘,038674,암,3,20180930,1,0,4,25,4,16800000,16800000
0,한국,솔리드,039128,암,3,20190203,0,1,3,0,3,13600000,13600000
1,미국,해내마,040053,거,4,20180113,0,0,9,0,3,15600000,0
2,한국,장산엑스,039335,거,3,20181124,0,0,3,0,3,7200000,7200000
3,미국,웰니스케이,040016,거,4,20171014,2,0,7,28.6,5,71400000,71400000
4,미국,리처드오브뉴스테,040001,수,4,20170930,0,2,9,0,5,38550000,2400000
5,한국,봄비스킹,035200,거,5,20161211,1,3,21,4.8,7,70880000,15000000
6,한국,매치퀸,038714,암,3,20181110,4,0,6,66.7,6,133950000,133950000
7,미국,메디치글로리,041800,수,3,20180929,4,0,5,80,5,205200000,205200000
8,한국,히비키,035398,거,5,20170416,4,4,19,21.1,7,201100000,63000000
9,한국,강성대국,034049,수,6,20150607,7,4,34,20.6,8,415300000,44500000
0,미국,플라잉챔프,038141,암,5,20161126,4,4,18,22.2,7,319050000,149100000
1,한국,최고여왕,038729,암,3,20190127,0,0,4,0,4,0,0
2,한국,갤럭시피스,038901,암,3,20181222,1,0,4,25,4,29600000,29600000
3,한국,한양공주,036991,암,4,20180128,1,3,16,6.3,11,65000000,41400000
4,한국,거센마풍,037780,암,4,20171022,3,3,13,23.1,6,164050000,61500000
5,한국,런닝스톰,037164,수,4,20171105,5,3,17,29.4,9,281350000,109800000
6,한국,새벽이,035344,거,5,20170205,4,4,14,28.6,5,194100000,96300000
7,한국,스펙터퀸,039478,암,3,20190224,0,0,2,0,2,0,0
8,한국,라비에벨,039623,수,3,20181013,0,1,6,0,6,10800000,10800000
9,한국,더조은내일,038900,암,3,20180721,1,0,11,9.1,11,34200000,34200000
0,한국,어치브,036841,암,4,20190119,1,0,2,50,2,18880000,18880000
1,한국,스피드황룡,036946,거,4,20171216,3,0,14,21.4,9,92080000,89680000
2,한국,함박미소,037842,수,4,20180303,2,2,11,18.2,7,109000000,70600000
3,한국,탑럭,038784,거,3,20180812,2,1,7,28.6,7,51040000,51040000
4,한국,럭키봉성,039619,암,3,20190303,2,0,3,66.7,3,45600000,45600000
5,한국,흥깨비,039294,암,3,20180915,1,0,7,14.3,7,44400000,44400000
6,한국,기븐러너,039306,수,3,20181208,1,0,5,20,5,13680000,13680000
7,호주,우먼볼트,038376,암,4,20180519,1,2,9,11.1,6,75450000,53100000
8,미국,오더파지빌리티스,039967,거,4,20170910,1,2,8,12.5,6,72450000,38250000
9,미국,로드위너,039894,수,4,20170930,7,1,12,58.3,7,480500000,354800000
0,한국,백두거포,038475,거,3,20180623,0,0,8,0,7,4320000,4320000
1,미국,비드타운,038015,수,5,20160813,2,1,13,15.4,5,81000000,68400000
2,미국,바다치프,038372,거,4,20170701,1,0,14,7.1,5,43350000,0
3,미국,땡큐찰리,041591,거,3,20180728,4,0,9,44.4,9,196500000,196500000
4,미국,굿헤니,038014,수,5,20161217,3,1,16,18.8,3,155400000,3600000
5,미국,파크삭스,039963,수,4,20171104,2,4,17,11.8,9,185250000,62400000
6,한국,이길래오,039309,암,3,20190223,0,0,3,0,3,1600000,1600000
7,한국,라온댄서,039591,암,3,20181110,0,0,2,0,2,2000000,2000000
8,한국,윈블레이드,038588,암,3,20190317,0,0,2,0,2,0,0
9,한국,골든제이,039602,암,3,20190202,0,0,3,0,3,7200000,7200000
0,미국,프리엠비전,041739,수,3,20180929,0,0,8,0,8,16200000,16200000
1,아일랜드,피엔에스초록,041775,암,3,20190324,0,0,1,0,1,0,0
2,미국,가온질주,040217,거,3,20180825,0,0,3,0,3,0,0
3,한국,라온케빈,038517,거,3,20181104,2,0,5,40,5,57000000,57000000
4,한국,골드시나,035768,암,5,20161127,2,3,20,10,8,77600000,0
5,한국,블랙퓨펄,039679,암,3,20181117,1,0,5,20,5,24400000,24400000
6,한국,베티나,036785,암,4,20170930,1,2,12,8.3,7,40940000,29680000
7,한국,스위트록,035830,암,5,20161225,4,1,20,20,7,142650000,22500000
8,한국,황금주머니,037697,거,4,20171021,2,2,15,13.3,8,101420000,82000000
9,한국,무패함성,039373,암,3,20181208,0,0,4,0,4,0,0
0,한국,최강러너,039319,수,3,20190303,0,0,2,0,2,0,0
1,한국,강토마,037703,거,4,20180113,8,3,15,53.3,9,406700000,275750000
2,미국,흥짱,041594,거,3,20180708,1,0,8,12.5,7,48000000,48000000
3,미국,팔라스테이,041671,수,3,20180909,0,0,8,0,8,6000000,6000000
4,미국,마이티엠,041759,수,3,20181216,0,1,5,0,5,31950000,31950000
5,한국,호스퀸,039374,암,3,20181110,1,3,6,16.7,6,55200000,55200000
6,한국,금아인빈서블,039155,수,3,20190127,1,0,2,50,2,13680000,13680000
7,한국,카론블레이드,038694,암,3,20181110,2,3,6,33.3,6,106200000,106200000
8,한국,뭉치,038981,암,3,20181216,2,0,5,40,5,67200000,67200000
9,한국,머니포켓,038764,암,3,20181013,2,0,6,33.3,6,64800000,64800000
0,한국,프리모,037266,암,4,20170909,2,5,17,11.8,8,149050000,91450000
1,한국,이스트킹덤,037678,수,4,20171029,2,2,12,16.7,6,93400000,41800000
2,한국,브랜던,034940,수,5,20170506,1,5,10,10,5,73500000,36600000
3,한국,에이스샤인,039332,수,3,20181117,0,0,6,0,6,4000000,4000000
4,미국,킹즈워리어,038046,수,5,20161126,2,3,19,10.5,8,162300000,19800000
5,미국,러브잇,039983,암,4,20171022,0,2,16,0,7,89250000,23250000
6,한국,로드우먼,037601,암,4,20171223,0,2,11,0,6,22960000,19600000
7,한국,금아매저스티,039152,수,3,20181125,0,1,5,0,5,9120000,9120000
8,한국,한센블레이드,039439,수,3,20190406,0,0,2,0,2,2000000,2000000
9,한국,마성질주,038755,수,3,20190105,0,0,2,0,2,1600000,1600000
0,한국,정상드림,038800,거,3,20181124,0,2,3,0,3,13440000,13440000
1,한국,백스핀,038942,암,3,20190127,0,0,3,0,3,1600000,1600000
2,한국,최고비상,036949,거,4,20171001,1,0,19,5.3,10,22640000,19840000
3,한국,챔프케이,038902,수,3,20180819,1,0,7,14.3,7,34600000,34600000
4,한국,송암공주,037112,암,4,20180310,0,2,13,0,8,26240000,8640000
5,한국,달려라라온,037505,수,4,20171118,0,1,15,0,11,32320000,16320000
6,한국,챔프퀸,038907,암,3,20181020,0,0,3,0,3,0,0
7,한국,완승무패,036752,거,4,20171224,0,0,5,0,3,3120000,3120000
8,한국,라온제임스,038516,거,3,20180623,2,1,11,18.2,10,54080000,54080000
9,한국,브릴리언트,037184,수,4,20170903,3,1,20,15,11,131200000,73800000
0,한국,원더풀럭키,036747,수,4,20170722,3,2,23,13,11,121960000,67800000
1,미국,서울엄지,039988,수,4,20171015,1,1,17,5.9,8,69150000,34200000
2,미국,장산베어스,038247,거,4,20171202,1,2,13,7.7,8,75900000,53550000
3,한국,정상스타,039620,암,3,20190127,0,1,4,0,4,12240000,12240000
4,한국,스톰포스,039638,암,3,20180902,0,0,4,0,4,14000000,14000000
5,한국,상감청자,038668,거,3,20181216,0,0,4,0,4,5160000,5160000
6,한국,대싱카누,039757,암,3,20181021,0,0,6,0,6,0,0
7,한국,싱그러운타임,038579,암,3,20190119,1,1,4,25,4,41000000,41000000
8,한국,천은짱,038459,암,3,20181208,0,0,7,0,7,4080000,4080000
9,한국,빅클래식,039520,암,3,20190113,1,0,3,33.3,3,28960000,28960000
0,미국,황표마,041746,수,3,20190113,1,0,4,25,4,34200000,34200000
1,미국,글라디아토레에이,041758,수,3,20181110,0,0,5,0,5,12150000,12150000
2,한국,케이엔블루,037804,거,4,20170827,7,5,16,43.8,7,338710000,240150000
3,한국,라이언록,035828,수,5,20161127,6,1,17,35.3,8,274000000,89000000
4,미국,미소왕자,036495,거,6,20151025,4,2,24,16.7,6,335450000,14300000
5,한국,청수빅이어,038667,암,3,20190511,0,1,1,0,1,5040000,5040000
6,한국,센토사,039195,암,3,20180826,0,1,7,0,7,32320000,32320000
7,한국,스피드플라잉,038891,암,3,20181110,0,0,3,0,3,0,0
8,한국,블랙재퍼,038478,암,3,20180812,2,1,7,28.6,7,103500000,103500000
9,한국,시티스타,034273,거,6,20160220,9,5,20,45,6,664600000,231700000
0,미국,어나더스마트원,038138,거,5,20161001,6,4,21,28.6,5,450150000,74200000
1,한국,상감마마,031704,거,7,20140920,10,2,34,29.4,8,540000000,171200000
2,한국,로드힐스톰,039225,수,3,20181020,0,0,7,0,7,6400000,6400000
3,한국,슈퍼위크앤드,037469,거,4,20190511,0,0,1,0,1,0,0
4,한국,깨우침,039426,수,3,20181201,0,0,5,0,5,3600000,3600000
5,한국,칸에이스,039147,거,3,20190309,0,1,3,0,3,8400000,8400000
6,한국,정조의꿈,039093,거,3,20190303,0,1,3,0,3,10000000,10000000
7,한국,눈빛언약,039092,수,3,20190331,0,0,2,0,2,5200000,5200000
8,한국,골든앵글,038836,수,3,20190413,0,1,2,0,2,8400000,8400000
9,한국,플래티넘유로,038763,거,3,20190330,2,0,2,100,2,45600000,45600000
0,한국,바람킹,037143,수,4,20171029,2,1,18,11.1,10,64480000,35200000
1,한국,가즈아,038623,수,3,20180728,1,0,11,9.1,11,38600000,38600000
2,한국,킹포세,036874,수,4,20170910,3,2,18,16.7,9,147930000,103050000
3,한국,아르고멜로디,035685,암,5,20161210,3,6,26,11.5,9,202450000,48750000
4,한국,선더마린,037331,수,4,20171105,4,2,16,25,6,156030000,15750000
5,한국,대장박,036245,수,5,20160731,4,3,25,16,4,216550000,0
6,미국,이겨주마,039867,거,4,20170903,2,4,13,15.4,9,168900000,118350000
7,한국,여울이,037148,암,4,20170624,1,3,21,4.8,11,57600000,40800000
8,호주,블루스타매직,041581,수,3,20181013,0,0,7,0,7,0,0
9,한국,루킹굿,038733,수,3,20181124,1,0,4,25,4,18880000,18880000
0,한국,큐피드강자,036854,거,4,20170701,1,2,19,5.3,8,51320000,30400000
1,미국,스타플래티넘,040061,거,4,20171126,0,0,12,0,6,22800000,2400000
2,미국,프라우드섐록,041770,암,3,20181013,0,0,7,0,7,0,0
3,한국,에이스트리플,039548,수,3,20190105,2,0,5,40,5,60600000,60600000
4,미국,대군불패,041682,수,3,20181028,1,0,4,25,4,42750000,42750000
5,한국,홀리데이모닝,039096,거,3,20190331,0,0,2,0,2,0,0
6,한국,플라워로드,039295,암,3,20190203,1,0,5,20,5,16480000,16480000
7,한국,원더풀루비,038894,암,3,20181014,1,1,6,16.7,6,47200000,47200000
8,한국,더킹,037439,수,4,20180422,4,5,10,40,7,200250000,160650000
9,미국,추카추카,034857,거,6,20150906,1,3,33,3,8,139050000,16500000
0,미국,하바나찰리,041590,거,3,20180909,3,4,7,42.9,7,265950000,265950000
1,미국,최강고수,040084,수,4,20180121,1,4,10,10,8,106200000,85800000
2,한국,킹손,038590,거,3,20190518,1,0,1,100,1,22800000,22800000
3,한국,그린신디,038968,암,3,20181208,0,0,3,0,3,3600000,3600000
4,한국,더캐스팅,038844,수,3,20180916,0,0,4,0,4,0,0
5,한국,라온미라클,037086,암,4,20170903,0,2,21,0,11,59800000,31200000
6,한국,초원군주,037109,거,4,20180113,1,0,9,11.1,9,14640000,14640000
7,한국,금아제니스,039588,수,3,20180721,2,1,9,22.2,9,59680000,59680000
8,한국,에이스캔트,037167,거,4,20171112,2,1,17,11.8,9,71200000,15600000
9,한국,장산제국,036748,수,4,20170701,3,1,13,23.1,6,88740000,60000000
0,미국,이글이글,041601,거,3,20181021,0,0,5,0,5,0,0
1,한국,베스트스타,039711,수,3,20190119,4,0,4,100,4,114000000,114000000
2,한국,아이비에스퀸,038615,암,3,20180715,2,1,8,25,8,90400000,90400000
3,한국,금아글로리,038936,암,3,20180707,2,0,10,20,9,89600000,55400000
4,한국,청운시대,035373,거,5,20160924,3,4,20,15,7,178650000,15750000
5,한국,마차부차,036893,수,4,20170617,3,3,15,20,4,156700000,49950000
6,한국,에코브라더,039521,거,3,20181208,1,0,4,25,4,34200000,34200000
7,한국,블루파이어,039141,거,3,20180819,0,5,11,0,11,59440000,59440000
8,미국,선더라이트,038147,수,5,20160924,3,5,16,18.8,7,268800000,129300000
9,미국,클린업보드,039911,수,4,20170923,4,2,12,33.3,7,242850000,122100000
0,한국,와일드선더,035513,수,5,20160618,6,3,27,22.2,6,402100000,11500000
1,한국,당대걸작,033195,거,6,20150919,4,6,29,13.8,6,271100000,56500000
2,미국,청담대로,038019,거,5,20160813,3,3,22,13.6,6,232350000,16400000
3,미국,선라이팅,040011,수,4,20171104,5,3,17,29.4,11,304400000,218900000
4,한국,한센글로리,036887,수,4,20171014,4,2,13,30.8,9,193800000,125400000
5,호주,프린스메모리,038377,거,4,20171217,2,5,12,16.7,7,193950000,148350000
6,한국,스톰라이커,033862,수,6,20151031,4,5,28,14.3,8,216000000,49500000
7,한국,칼리오페,037812,거,4,20170923,5,1,17,29.4,9,208000000,75000000
8,한국,에드윈,039434,수,3,20181104,0,0,7,0,7,960000,960000
9,한국,윈드스카이,041649,수,3,20181222,0,1,5,0,5,5040000,5040000
0,한국,송암라푼젤,038705,암,3,20190519,0,0,1,0,1,0,0
1,한국,농본자랑,039150,거,3,20181013,0,0,2,0,2,0,0
2,미국,맹산히어로,041691,수,3,20180825,0,0,11,0,11,2000000,2000000
3,미국,골든다이얼,041727,수,3,20181027,1,1,7,14.3,7,56550000,56550000
4,한국,채플에이스,037318,거,4,20171125,3,3,16,18.8,8,140400000,33600000
5,미국,스피드보스,041743,거,3,20181222,0,0,4,0,4,0,0
6,미국,남촌데이,041597,거,3,20181125,0,0,4,0,4,2400000,2400000
7,미국,미스터햇빛,041747,수,3,20190519,0,0,0,0,0,0,0
8,미국,유니언승리,041605,수,3,20181020,0,0,5,0,5,3000000,3000000
9,미국,올댓코리아,041750,거,3,20181118,0,0,7,0,7,2400000,2400000
0,한국,선위너,038914,암,3,20181215,0,0,4,0,4,0,0
1,한국,만에하나,039275,거,3,20181027,0,0,8,0,8,6400000,6400000
2,미국,황금비상,036383,수,6,20150809,4,2,33,12.1,10,265800000,142300000
3,한국,스마트파크,035535,암,5,20160716,2,8,28,7.1,7,242050000,28900000
4,한국,테마등극,033756,수,6,20150822,7,7,38,18.4,9,476200000,0
5,한국,해후,037891,수,4,20170827,5,2,17,29.4,9,208050000,80250000
6,한국,미스터포춘,035683,수,5,20160911,5,2,26,19.2,9,225950000,58500000
7,한국,베스트불릿,037692,수,4,20171112,5,2,18,27.8,9,191380000,168900000
8,한국,스피드청룡,037269,거,4,20170723,4,1,20,20,8,134290000,82350000
9,한국,볼드샤이닝,037479,거,4,20171022,3,2,14,21.4,6,116200000,3000000
0,한국,야호선더캣,038783,수,3,20181020,3,0,7,42.9,7,112000000,112000000
1,한국,댄싱블레이드,037855,암,4,20180203,4,1,11,36.4,7,146550000,92550000
2,한국,어스피스,039712,수,3,20190317,1,0,2,50,2,22800000,22800000
3,한국,스피드마운틴,038679,수,3,20190316,0,0,2,0,2,0,0
4,한국,제주의요정,039308,암,3,20190203,0,0,2,0,2,2000000,2000000
5,한국,삼애질주,038812,암,3,20181104,0,1,6,0,6,23600000,23600000
6,한국,스마트한센,039646,거,3,20181125,0,0,5,0,5,0,0
7,한국,캡틴베스트,038809,거,3,20190414,0,0,2,0,2,1600000,1600000
8,한국,컬러즈윙,038600,암,3,20190427,0,0,2,0,2,0,0
9,한국,화이트퀸,041641,암,2,20190525,1,0,1,100,1,22800000,22800000
0,한국,새로운캡틴,037920,거,4,20171125,1,1,11,9.1,9,36480000,28880000
1,한국,엑스블레이드,039652,거,3,20190112,1,0,5,20,5,24400000,24400000
2,미국,천운킹덤,041688,수,3,20181110,0,0,4,0,4,0,0
3,미국,디케이나린,041879,수,2,20190525,0,0,1,0,1,0,0
4,미국,파이널스타,040015,수,4,20180901,0,0,2,0,2,7800000,7800000
5,미국,금아어누이티,039814,거,4,20171224,0,2,10,0,6,34200000,34200000
6,한국,끌어주는손,038001,암,4,20170624,0,4,18,0,8,89710000,22000000
7,호주,야호원더풀캣,043378,수,2,20190525,0,0,0,0,0,0,0
8,한국,빅선더,037757,암,4,20171224,3,1,11,27.3,6,107640000,72600000
9,한국,불후의명곡,035213,거,5,20161112,1,4,26,3.8,9,86000000,36400000
0,호주,레전드킹,037962,수,5,20160529,2,3,26,7.7,6,172650000,21750000
1,미국,인천챔프,039792,거,4,20170715,2,0,13,15.4,7,79200000,73800000
2,미국,조우니가,041733,암,3,20181013,1,1,8,12.5,8,80700000,80700000
3,미국,플라잉포드,041760,수,3,20181110,2,0,6,33.3,6,79950000,79950000
4,한국,예상백승,035662,암,5,20160626,3,7,28,10.7,7,223700000,51000000
5,한국,승리사랑,032522,암,7,20150523,3,5,36,8.3,9,179000000,16500000
6,미국,해오라비,039887,거,4,20171015,0,2,13,0,6,62550000,12750000
7,한국,오케이퀸,036853,암,4,20170701,5,2,17,29.4,8,248550000,119250000
8,미국,스피릿오브한센,038023,거,5,20160710,2,6,26,7.7,8,239700000,11700000
9,미국,우리가본,038135,거,5,20160924,2,3,21,9.5,6,141600000,20250000
0,한국,창성강자,037993,수,4,20170923,0,2,21,0,13,20240000,6800000
1,한국,대한일품,038703,수,3,20180909,1,0,8,12.5,8,15280000,15280000
2,한국,더블던다스,038494,거,3,20190511,0,0,2,0,2,0,0
3,한국,스페이드매시,039735,거,3,20190223,0,1,5,0,5,10400000,10400000
4,한국,질풍강자,037221,거,4,20180210,3,1,9,33.3,8,86280000,86280000
5,한국,대길상존,037253,거,4,20170813,2,0,9,22.2,7,39480000,39480000
6,한국,금성황제,039178,수,3,20181006,2,2,7,28.6,7,82800000,82800000
7,한국,티아고터치,037852,수,4,20171209,3,3,13,23.1,8,123600000,69600000
8,한국,소백영주,039639,수,3,20180527,1,0,5,20,4,26800000,26800000
9,한국,위너세이,038598,암,3,20190223,1,0,3,33.3,3,24400000,24400000
0,한국,원더풀헤네시,038468,암,3,20180915,1,1,7,14.3,7,45800000,45800000
1,미국,액티몬,041653,거,3,20181006,1,2,6,16.7,6,65550000,65550000
2,미국,아메리칸벨,041561,수,3,20181201,0,1,3,0,3,15750000,15750000
3,미국,키팩터,039943,수,4,20170924,0,0,17,0,10,28200000,16200000
4,미국,스트로리아,039999,암,4,20171118,0,0,6,0,4,0,0
5,미국,인천스피드,041676,거,3,20181021,0,0,8,0,8,15150000,15150000
6,미국,지젤괴물,041737,수,3,20181201,1,0,4,25,4,39600000,39600000
7,한국,파인애플마크,038770,암,3,20180721,0,1,12,0,12,9600000,9600000
8,한국,대명솔라,039746,암,4,20180210,1,1,15,6.7,9,45840000,40720000
9,한국,마이티맘보,035182,수,5,20160529,2,3,29,6.9,10,108290000,26400000
0,한국,베스트힐,039156,암,3,20181104,2,0,6,33.3,6,60000000,60000000
1,한국,강서으뜸,036932,수,4,20170730,3,2,15,20,6,92320000,46800000
2,미국,문학치프,039791,수,4,20170617,9,2,17,52.9,8,883600000,545300000
3,미국,샴로커,036488,수,6,20150808,6,10,34,17.6,7,841850000,221500000
4,미국,청담도끼,038020,거,5,20160924,12,4,21,57.1,6,1726400000,673500000
5,한국,클린업트리오,038996,거,3,20180707,0,2,8,0,7,23040000,20640000
6,한국,원더풀힐스,038465,암,3,20180825,0,0,9,0,9,10160000,10160000
7,한국,백산군주,036813,거,4,20170903,3,2,20,15,10,140250000,49350000
8,미국,프로함성,041730,거,3,20181118,1,1,7,14.3,7,61350000,61350000
9,미국,이스트걸치,039973,암,4,20171014,1,3,16,6.3,9,142500000,29250000
0,한국,아이언하트,039003,암,3,20181007,0,0,6,0,6,8800000,8800000
1,한국,베프케이,039421,거,3,20190120,0,0,3,0,3,960000,960000
2,한국,지오바나,039171,암,3,20190202,0,0,4,0,4,5200000,5200000
3,일본,금아팔콘,040075,거,4,20180113,0,1,7,0,5,15600000,12600000
4,미국,리틀빅타이거,041740,수,3,20180929,0,0,4,0,4,0,0
5,미국,머스탱런,041748,수,3,20181124,0,0,5,0,5,3000000,3000000
6,미국,큐피드가이,041700,거,3,20181124,1,0,4,25,4,48150000,48150000
7,미국,문학파이어,041606,수,3,20181222,0,0,5,0,5,6750000,6750000
8,한국,리커버리탑,038995,암,3,20181117,0,0,5,0,5,2800000,2800000
9,한국,원더풀댄서,039529,거,3,20190120,0,0,4,0,4,0,0
0,한국,토함산파워,038881,수,3,20180701,3,3,11,27.3,10,130440000,128040000
1,미국,스피드쇼크,040000,수,4,20170923,0,1,17,0,10,21600000,19200000
2,아일랜드,피엔에스하늘,041774,암,3,20190601,0,0,1,0,1,0,0
3,미국,황금사자,041665,수,3,20180818,1,1,8,12.5,8,64800000,64800000
4,미국,센스쟁이,041662,거,3,20180818,0,2,8,0,8,36750000,36750000
5,미국,더더비,041658,거,3,20180901,0,0,6,0,6,0,0
6,한국,퀸오브캠프,038864,암,3,20180819,0,3,9,0,9,42600000,42600000
7,한국,로열조이,039033,암,3,20181117,1,0,7,14.3,7,16680000,16680000
8,한국,딕시어게인,039575,거,3,20190317,2,0,3,66.7,3,50800000,50800000
9,한국,킹엔아이,038739,수,3,20180707,1,0,12,8.3,11,20800000,20800000
0,한국,루미네스,039561,거,3,20181103,2,0,6,33.3,6,61200000,61200000
1,미국,스피드조이,039987,수,4,20180106,4,3,9,44.4,5,242100000,161550000
2,미국,다크플레이어,041689,수,3,20180929,2,4,8,25,8,152850000,152850000
3,한국,스페셜스톤,037249,암,4,20171217,3,3,9,33.3,8,165300000,153780000
4,한국,컨저버티브,036268,거,5,20161015,4,3,20,20,8,209300000,22500000
5,한국,탐라킹,035232,거,5,20170304,4,4,22,18.2,9,212740000,108000000
6,한국,천년의바람,039113,거,3,20180819,1,1,9,11.1,9,35520000,35520000
7,한국,세명공주,039408,암,3,20181110,0,0,4,0,4,0,0
8,한국,리쉬부르,038965,거,3,20190316,0,0,4,0,4,960000,960000
9,한국,오피엠제이,038553,수,3,20181222,0,2,7,0,7,18640000,18640000
0,한국,서던맨,038930,거,3,20181201,0,0,5,0,5,3960000,3960000
1,한국,망치블레이드,039208,암,3,20190223,0,0,2,0,2,0,0
2,한국,골드파크,039315,암,3,20190504,0,0,2,0,2,0,0
3,호주,블루스파이더,041579,거,3,20180616,0,0,8,0,7,5400000,5400000
4,미국,스캐터메인,039998,거,4,20180506,0,0,6,0,4,0,0
5,미국,리틀보이플래시,041729,거,3,20180909,0,3,10,0,10,45300000,45300000
6,미국,선더마크,041720,암,3,20181208,2,2,6,33.3,6,121200000,121200000
7,미국,킬리의제왕,039841,수,4,20180225,1,1,8,12.5,6,78300000,70500000
8,한국,챔피언킹,035515,거,5,20160828,3,3,21,14.3,8,161750000,0
9,한국,재즈불릿,038874,암,3,20180825,0,0,4,0,4,0,0
0,한국,골드필드,039519,암,3,20190113,0,0,5,0,5,4080000,4080000
1,한국,문학치타,039569,수,3,20181021,0,0,7,0,7,4080000,4080000
2,한국,실버원더풀,039323,암,3,20190420,0,0,3,0,3,0,0
3,한국,미스겔라,038690,암,3,20180825,1,4,7,14.3,7,71400000,71400000
4,한국,다몬엔젤,037151,암,4,20180512,1,1,11,9.1,9,41200000,39600000
5,한국,갑오풀퀸,038559,암,3,20190302,1,1,3,33.3,3,36400000,36400000
6,한국,금로열,038851,수,3,20190127,1,1,4,25,4,34800000,34800000
7,한국,스타삭스,037877,암,4,20171224,0,1,11,0,6,26600000,8400000
8,한국,백상,039637,거,3,20190202,1,1,4,25,4,31200000,31200000
9,한국,마이티럭,038481,암,3,20190407,1,0,2,50,2,24800000,24800000
0,한국,로열고스트,038903,암,3,20190119,0,1,4,0,4,20800000,20800000
1,한국,버닝맨,039053,수,3,20190602,0,0,1,0,1,0,0
2,한국,슈마,035228,거,5,20161106,2,1,18,11.1,5,48960000,0
3,한국,바람의미소,039058,암,3,20180728,0,2,10,0,10,23640000,23640000
4,한국,스카이스톰,037046,수,4,20180128,1,3,14,7.1,10,57080000,41800000
5,한국,진격의천마,036167,수,5,20160716,2,5,25,8,8,97290000,2400000
6,한국,탑라인,039268,암,3,20190223,1,1,5,20,5,53000000,53000000
7,한국,더지존,036967,거,4,20170916,2,3,17,11.8,8,102480000,45000000
8,한국,헤네시댄서,033158,암,6,20150905,2,5,33,6.1,9,124800000,31200000
9,한국,룰브레이커,039566,수,3,20180721,2,2,9,22.2,9,70020000,70020000
0,한국,가온챔프,037610,수,4,20170909,8,1,10,80,6,685250000,433250000
1,한국,피닉스선,033610,거,6,20170311,5,2,9,55.6,6,200340000,171000000
2,한국,가속불패,031430,거,7,20140817,9,4,29,31,7,702350000,146500000
3,한국,파이널보스,035285,수,5,20160529,9,1,20,45,3,1367700000,19500000
4,미국,최강자,036533,거,6,20160109,7,0,17,41.2,5,447000000,111000000
5,미국,라온포티어스,038305,거,4,20171014,4,1,10,40,8,192900000,150150000
6,미국,위너레드,036530,거,6,20150913,5,4,24,20.8,4,327600000,0
7,호주,실버울프,034744,암,6,20150118,12,3,23,52.2,5,1542000000,643000000
8,미국,커버걸저스티스,041837,암,3,20181201,2,1,6,33.3,6,104850000,104850000
9,미국,초코캔디,041652,암,3,20180818,3,1,8,37.5,8,159450000,159450000
0,미국,스카이베이,039908,암,4,20170923,4,0,11,36.4,5,241100000,89800000
1,미국,소중한소망,039942,암,4,20170930,3,2,9,33.3,3,221050000,61300000
2,한국,신의명령,037207,암,4,20170624,5,5,19,26.3,9,610250000,227000000
3,미국,문학프린세스,039807,암,4,20180113,3,2,9,33.3,5,178050000,109800000
4,한국,피케이군황,039326,거,3,20180909,1,0,7,14.3,7,15280000,15280000
5,한국,천하여제,038438,암,3,20181117,0,1,7,0,7,11920000,11920000
6,한국,새내플래시,038713,수,3,20190505,0,0,2,0,2,960000,960000
7,미국,문학조이,041531,수,3,20180527,4,2,11,36.4,9,218100000,149700000
8,미국,화기,041755,암,3,20181021,3,1,7,42.9,7,151350000,151350000
9,미국,성파,038103,수,5,20161022,4,1,23,17.4,6,195900000,18900000
0,미국,슈퍼삭스,039982,거,4,20171111,5,0,11,45.5,6,232650000,161850000
1,미국,불멸의제왕,039912,거,4,20170924,2,4,19,10.5,10,172950000,103500000
2,한국,브리그,028279,수,9,20120818,9,9,57,15.8,8,716329000,11900000
3,미국,삼성동행,040116,수,3,20180630,2,1,9,22.2,8,115200000,115200000
4,미국,황금소리,038139,수,5,20161029,3,3,23,13,7,195600000,0
5,한국,로열스마티,039394,수,3,20190127,1,1,5,20,5,29040000,29040000
6,한국,블루대자연,039549,거,3,20190504,0,1,2,0,2,10000000,10000000
7,한국,비르투스,038651,암,3,20181103,0,0,3,0,3,7600000,7600000
8,한국,아리산,039202,수,3,20190512,0,0,2,0,2,1600000,1600000
9,한국,스피드벨,039729,거,3,20181222,2,0,6,33.3,6,47200000,47200000
0,한국,럭키마이더스,039686,수,3,20181216,1,0,5,20,5,13680000,13680000
1,한국,골드파티,038529,암,3,20180707,1,0,6,16.7,5,21480000,13680000
2,한국,사사,038962,암,3,20180825,1,2,8,12.5,8,63400000,63400000
3,한국,대천보우,039290,암,3,20181216,1,2,6,16.7,6,49000000,49000000
4,한국,페더럴캣,039133,수,3,20190203,0,1,5,0,5,20400000,20400000
5,한국,피케이전사,038657,거,3,20181006,0,2,7,0,7,18840000,18840000
6,호주,금아클리프,039827,수,4,20170715,0,0,14,0,9,6000000,3600000
7,한국,컬러풀조이,039607,수,3,20181215,2,0,4,50,4,58600000,58600000
8,한국,초원마루,039175,암,3,20190223,1,0,5,20,5,17680000,17680000
9,한국,불의퀸,038814,암,3,20180930,0,2,7,0,7,19040000,19040000
0,한국,라스트콘서트,037015,암,4,20171119,1,1,19,5.3,10,34480000,17200000
1,미국,플로리다파워,041712,암,3,20190414,1,0,2,50,2,34200000,34200000
2,아일랜드,피엔에스제프,041776,거,3,20181209,0,0,5,0,5,10800000,10800000
3,호주,승리기억,038380,수,4,20170820,1,1,14,7.1,8,59550000,9000000
4,한국,드림영천,034138,수,6,20160306,3,1,9,33.3,5,97000000,41400000
5,미국,더스파이커,041796,수,3,20181110,0,2,7,0,7,51000000,51000000
6,호주,불굴의러너,043382,거,2,20190608,0,0,1,0,1,0,0
7,미국,금아홀섬,041794,거,3,20181223,2,1,5,40,5,92550000,92550000
8,한국,총알같이,036872,거,4,20171014,2,2,13,15.4,8,66440000,61400000
9,미국,마이티존,036440,수,6,20151004,1,1,23,4.3,7,75600000,13200000
0,미국,아델엔젤,041801,암,3,20181006,0,0,8,0,8,5200000,5200000
1,한국,레이먼드,038949,수,3,20180714,3,1,10,30,10,203800000,203800000
2,한국,리빙스턴,036829,수,4,20171126,1,4,17,5.9,10,66120000,41800000
3,한국,클린플라워,037529,암,4,20170826,2,1,19,10.5,10,82200000,45200000
4,한국,행복스타,037113,수,4,20180225,1,2,15,6.7,10,61920000,34800000
5,한국,해가람,034247,암,6,20160213,2,4,49,4.1,13,134400000,19800000
6,한국,천강성,036806,수,4,20170730,3,0,11,27.3,6,91600000,59400000
7,한국,팔도대장,036784,암,4,20171028,2,1,7,28.6,6,52680000,44880000
8,한국,맥파이,037606,암,4,20190113,2,2,4,50,4,57480000,57480000
9,한국,모네플라잉,037667,암,4,20170617,3,2,16,18.8,5,126300000,2400000
0,한국,우대륭,039349,암,3,20190113,2,0,5,40,5,67200000,67200000
1,한국,카일룸여제,037860,암,4,20180414,3,0,14,21.4,11,69680000,66480000
2,한국,심청사달,035754,거,5,20160813,2,2,24,8.3,4,79600000,10200000
3,미국,선제일격,034870,수,6,20150919,1,7,41,2.4,8,149850000,15750000
4,한국,맘보칸,037896,수,4,20170617,3,3,15,20,10,133740000,64200000
5,호주,동방의기억,038374,수,4,20170415,0,5,12,0,11,82200000,82200000
6,한국,케이킹,035093,거,5,20160827,3,2,22,13.6,6,154000000,37200000
7,한국,정동지존,036895,수,4,20170722,4,2,17,23.5,7,170500000,120900000
8,한국,대지의축복,037013,암,4,20180113,0,0,6,0,4,0,0
9,한국,경국지마,038436,암,3,20180616,0,1,6,0,5,19350000,9600000
0,한국,최강공주,039023,암,3,20190414,0,0,3,0,3,1600000,1600000
1,한국,티즈로즈,039669,암,3,20181222,0,0,2,0,2,3000000,3000000
2,한국,일여하여,037038,암,4,20171021,0,0,17,0,9,10960000,0
3,한국,고스트타운,035108,수,5,20161002,3,1,22,13.6,7,114500000,16500000
4,한국,빅이어,036799,암,4,20171028,3,3,15,20,9,179500000,85300000
5,한국,위닝윈,036764,수,4,20170730,3,2,21,14.3,11,117640000,65400000
6,한국,흥오름,039051,암,3,20180616,3,1,11,27.3,10,103600000,100600000
7,한국,웰빙조이,035009,거,5,20161015,3,2,21,14.3,7,117550000,50550000
8,미국,울트라펀치,041664,거,3,20180902,4,0,9,44.4,9,181950000,181950000
9,한국,야호스트롱캣,037925,수,4,20170820,5,3,16,31.3,9,250790000,214650000
0,미국,브이칸,038088,수,5,20160924,1,5,22,4.5,9,152400000,55500000
1,한국,프리마퀸,035910,암,5,20170204,5,3,19,26.3,11,254550000,157500000
2,한국,킹플러키,033778,거,6,20151003,3,4,27,11.1,8,149250000,22500000
3,한국,골든게이트,036030,거,5,20160910,5,5,20,25,3,293100000,0
4,한국,드림머니,039098,거,3,20180826,1,0,8,12.5,8,15280000,15280000
5,한국,원더풀마린,039359,수,3,20181208,0,2,8,0,8,15040000,15040000
6,한국,큐티바비,039232,암,3,20181007,0,0,6,0,6,4320000,4320000
7,한국,트리플마운틴,037608,수,4,20190609,0,0,1,0,1,1200000,1200000
8,한국,빛나는루비,037816,암,4,20171224,0,1,22,0,15,18720000,17120000
9,한국,패스티스트,037571,암,4,20180311,0,0,7,0,5,0,0
0,한국,터프그레이트,038683,암,3,20190511,0,0,2,0,2,0,0
1,한국,윈드리버,038638,암,3,20181110,1,0,5,20,5,33960000,33960000
2,한국,안양재규어,038735,암,3,20190324,0,0,4,0,4,3600000,3600000
3,한국,해랑,039025,암,3,20180812,0,1,7,0,7,15200000,15200000
4,한국,안목항,038782,암,3,20190303,0,1,2,0,2,10400000,10400000
5,한국,정성스타,040705,암,2,20190609,0,0,1,0,1,0,0
6,한국,신의축복,039024,암,3,20180825,0,0,8,0,8,1920000,1920000
7,한국,스틸런,037229,암,4,20170924,0,1,17,0,11,20160000,16160000
8,한국,킹스캐리지,039692,수,3,20190217,0,0,3,0,3,10400000,10400000
9,한국,유롱플라잉,039612,거,3,20190127,0,0,5,0,5,8800000,8800000
0,한국,디아볼라,039097,암,3,20190511,0,0,2,0,2,3200000,3200000
1,한국,비엔토퍼스트,038919,암,3,20181117,0,0,6,0,6,1600000,1600000
2,한국,로열리멤버,038537,수,3,20190119,0,0,2,0,2,0,0
3,한국,풀문스카이,038997,수,3,20181020,2,2,8,25,8,69600000,69600000
4,한국,달순이,036997,암,4,20171202,1,1,15,6.7,8,29120000,27120000
5,한국,천년해피,039199,암,3,20180811,0,2,10,0,10,26560000,26560000
6,한국,최강파티,038781,수,3,20180902,1,0,5,20,5,20000000,20000000
7,한국,빅토리스타,037941,암,4,20170923,1,2,19,5.3,10,74400000,11800000
8,한국,메이슨,039443,거,3,20190113,0,2,5,0,5,20240000,20240000
9,한국,바람을그리다,039523,수,3,20180908,2,2,8,25,8,77800000,77800000
0,한국,인디펜던스,038932,수,3,20181202,1,1,6,16.7,6,23920000,23920000
1,한국,백두의태양,037581,거,4,20171029,0,2,17,0,10,29240000,7600000
2,한국,송암바비,037483,암,4,20180826,1,1,10,10,10,36560000,36560000
3,한국,셋더페이스,038823,암,3,20190126,1,0,4,25,4,24800000,24800000
4,한국,늘푸른캣,037423,수,4,20190217,1,0,4,25,4,15280000,15280000
5,한국,새내빅토리,039614,암,3,20181006,0,1,7,0,7,14960000,14960000
6,한국,개나리송,038544,수,3,20181208,4,1,6,66.7,6,138000000,138000000
7,한국,브라운로즈,037741,암,4,20180210,1,4,11,9.1,7,64440000,51000000
8,한국,혜성여왕,035442,암,5,20160731,2,3,25,8,8,135700000,6000000
9,한국,백두의정상,037583,거,4,20171105,2,1,20,10,11,72880000,38000000
0,한국,점보캡틴,037166,수,4,20171203,4,3,18,22.2,11,155630000,133550000
1,한국,특별스타,036113,암,5,20160827,2,4,33,6.1,11,176250000,62250000
2,한국,예스유캔,034943,거,5,20161217,3,3,25,12,8,178675000,42375000
3,한국,햇살왕자,036157,거,5,20161105,3,3,24,12.5,9,148120000,95100000
4,미국,신기파랑,034662,수,7,20141025,3,4,40,7.5,10,200100000,3600000
5,한국,이천쌀,037099,거,4,20170722,3,4,18,16.7,7,237500000,61800000
6,한국,독도지기,037853,수,4,20171014,8,1,11,72.7,7,374400000,290500000
7,미국,플레이시스투고,038090,거,5,20160827,7,0,29,24.1,8,465950000,29700000
8,미국,삼정타핏,038022,거,5,20161112,4,1,20,20,7,239350000,71800000
9,미국,오피세븐,038326,수,4,20170730,6,2,16,37.5,6,442950000,154000000
0,한국,위너스글로리,034094,수,6,20150718,7,2,22,31.8,6,449400000,31500000
1,한국,투어로즈,035911,암,5,20161023,6,3,23,26.1,6,336550000,0
2,한국,금비랑,037489,수,4,20170909,7,3,16,43.8,9,335050000,234250000
3,미국,모르피스,039909,거,4,20171022,5,3,16,31.3,9,348200000,269300000
4,한국,해마루,030002,거,8,20131221,12,3,46,26.1,7,955370000,86600000
5,한국,소통시대,029749,거,8,20130629,10,7,59,16.9,7,935410000,16300000
6,미국,최고머니,038043,거,5,20160625,6,4,25,24,6,401400000,171300000
7,한국,싱그러운검,036100,수,5,20161120,7,4,26,26.9,9,407600000,86900000
8,한국,스페셜어게인,040995,암,2,20190615,0,0,1,0,1,0,0
9,한국,당대짱,040335,암,2,20190615,0,0,1,0,1,0,0
0,한국,탁트인,040386,암,2,20190615,0,1,1,0,1,15750000,15750000
1,한국,케이엔로드,040917,수,2,20190615,0,0,1,0,1,9750000,9750000
2,한국,럭키법전,041118,수,2,20190615,0,0,1,0,1,3750000,3750000
3,한국,금아콜로설,040611,수,2,20190615,0,0,1,0,1,3000000,3000000
4,한국,강호제일,040943,수,2,20190615,0,0,1,0,1,0,0
5,한국,봄날의기억,040621,수,2,20190615,0,0,1,0,1,0,0
6,한국,백학,040356,암,2,20190615,0,0,1,0,1,0,0
7,한국,장수나봄,041500,수,2,20190615,0,0,1,0,1,0,0
8,한국,구름왕자,038452,수,3,20180714,5,2,10,50,10,205650000,205650000
9,한국,킹메신저,035675,수,5,20160904,4,3,20,20,7,190750000,94950000
0,한국,베스트라인,039357,수,3,20180908,3,2,7,42.9,7,124350000,124350000
1,한국,스타파워,035099,거,5,20161113,3,1,22,13.6,9,157250000,97050000
2,한국,아멘다,037021,암,4,20170813,3,4,21,14.3,10,191500000,107100000
3,한국,주먹도끼,037637,거,4,20170923,3,1,18,16.7,10,118880000,49800000
4,한국,와일드드래곤,037620,수,4,20170916,4,1,16,25,9,152210000,123450000
5,한국,대한챔프,038835,수,3,20181222,1,0,4,25,4,13680000,13680000
6,한국,웅담포,036896,수,4,20180722,0,0,8,0,8,0,0
7,한국,사우스반,039255,암,3,20181216,0,0,6,0,6,1200000,1200000
8,한국,블루밴드,039066,암,3,20190316,0,0,4,0,4,2560000,2560000
9,한국,퍼펙트플라잉,039366,암,3,20190127,0,0,4,0,4,0,0
0,한국,제이엔리,039542,거,3,20180916,0,0,9,0,9,960000,960000
1,한국,호크의영광,039119,수,3,20190223,0,0,5,0,5,0,0
2,한국,아라시,039052,거,3,20180902,0,0,7,0,7,0,0
3,한국,허쉬대보,038599,수,3,20190526,1,0,2,50,2,24400000,24400000
4,한국,이글아이,038939,암,3,20190414,0,1,3,0,3,10400000,10400000
5,한국,스마트군황,038806,수,3,20190421,0,0,2,0,2,10400000,10400000
6,한국,크레이지퀸,039601,암,3,20190310,0,1,4,0,4,12000000,12000000
7,한국,배다리서미트,038846,수,3,20190303,0,0,2,0,2,1600000,1600000
8,한국,함양상림,038811,암,3,20190105,0,0,3,0,3,0,0
9,한국,대군사랑,039235,암,3,20190302,0,0,5,0,5,1600000,1600000
0,한국,컬러즈드라고,038601,암,3,20181222,0,0,5,0,5,6800000,6800000
1,한국,원더풀딕시,039001,수,3,20180908,2,1,8,25,8,102800000,102800000
2,한국,창성럭키,037344,수,4,20180527,2,2,9,22.2,8,53920000,51920000
3,한국,더프리마,037998,암,4,20171125,2,1,10,20,8,66000000,40200000
4,한국,그린케이,036981,암,4,20171021,3,1,15,20,7,122550000,15600000
5,한국,갈잎,039151,암,3,20180701,2,0,8,25,7,59480000,59480000
6,한국,라온윌리엄스,038519,암,3,20180701,2,0,10,20,9,53750000,53750000
7,한국,큐피드닥터,036009,암,5,20170723,2,3,12,16.7,7,85560000,27600000
8,한국,언디피티드,037022,수,4,20180505,2,3,16,12.5,13,106600000,70200000
9,한국,제주의바람,037739,암,4,20180106,2,2,14,14.3,8,77150000,16350000
0,한국,빅토리킹,038550,거,3,20181104,1,2,7,14.3,7,46800000,46800000
1,한국,미스터히어로,039772,수,3,20180908,1,0,5,20,5,25800000,25800000
2,한국,태풍아이즈,037250,수,4,20180512,1,1,11,9.1,9,36880000,35280000
3,한국,블랙파티,039283,암,3,20181222,1,2,6,16.7,6,49200000,49200000
4,한국,큐피드플라잉,039106,수,3,20181208,1,0,6,16.7,6,30000000,30000000
5,한국,미스평촌,035591,암,5,20170218,1,0,22,4.5,8,44400000,18400000
6,미국,캐논슈터,041693,암,3,20180812,0,1,9,0,9,11400000,11400000
7,한국,창성진주,034033,암,6,20151010,1,2,36,2.8,11,55800000,6800000
8,미국,요리조리,039994,암,4,20171202,1,1,13,7.7,9,70650000,60900000
9,미국,대군의검,041684,수,3,20181006,0,2,6,0,6,36000000,36000000
0,호주,달려라레오,036445,암,5,20160326,1,2,30,3.3,11,98700000,28800000
1,미국,릴패트론,041871,거,3,20190216,0,1,5,0,5,21750000,21750000
2,미국,문학의전사,041791,수,3,20190126,0,0,4,0,4,6000000,6000000
3,미국,본능대로,041768,거,3,20190302,0,0,5,0,5,2400000,2400000
4,미국,청수여제,041781,암,3,20181103,0,0,4,0,4,0,0
5,한국,상비군,033866,거,6,20160528,1,5,38,2.6,10,100200000,13600000
6,한국,레이즈미업,037888,암,4,20170701,1,2,22,4.5,10,48600000,12400000
7,한국,명진맨,036847,거,4,20180331,1,2,12,8.3,9,51680000,44480000
8,한국,라이즈앤샤인,037720,암,4,20171021,2,0,20,10,11,45280000,45280000
9,한국,세렌체,034951,수,5,20170204,1,2,9,11.1,3,33340000,12400000
0,한국,금아슈프림,038660,거,3,20190120,1,0,5,20,5,18480000,18480000
1,한국,아델의꿈,036941,수,4,20171029,0,2,14,0,9,39840000,25840000
2,한국,금빛탄환,038817,수,3,20180728,0,1,9,0,9,20040000,20040000
3,한국,블랙윙윙,038976,암,3,20181104,0,1,7,0,7,26120000,26120000
4,한국,과천히어로,037628,거,4,20180120,0,2,13,0,6,22080000,5200000
5,한국,박차오름,039114,암,3,20180915,5,2,9,55.6,9,201900000,201900000
6,호주,크레이지위키,041578,수,3,20180715,2,3,11,18.2,11,123300000,123300000
7,미국,매치캡틴,041687,수,3,20180818,1,1,8,12.5,8,50550000,50550000
8,미국,엉클오,041795,수,3,20181118,2,0,5,40,5,100050000,100050000
9,미국,와일드파이트,040112,거,3,20181222,2,0,6,33.3,6,78600000,78600000
0,미국,올댓스피드,038112,수,5,20161218,2,1,17,11.8,5,109800000,16500000
1,미국,태양의후예,036582,거,5,20160828,3,2,20,15,7,192750000,55800000
2,미국,위대한전사,038032,거,5,20160731,3,2,25,12,8,189000000,0
3,미국,플라잉뮤닝,039806,거,4,20170701,2,5,15,13.3,9,214200000,181500000
4,한국,클린업시크릿,037851,수,4,20170715,5,2,18,27.8,10,221300000,152400000
5,미국,붕마드림,034853,거,6,20150614,1,6,33,3,7,191800000,9000000
6,미국,스모키베일,038097,수,5,20160813,3,2,34,8.8,10,216450000,11700000
7,한국,크레모아파워,037007,거,4,20170730,5,1,20,25,11,190040000,145500000
8,한국,야호선샤인,032076,수,7,20140831,9,4,48,18.8,11,536150000,7500000
9,한국,정안킹덤,035919,수,5,20170107,6,4,35,17.1,12,302300000,80700000
0,미국,블루울프,039939,암,4,20171022,3,1,14,21.4,8,166800000,127200000
1,한국,프리마니케,038908,암,3,20181117,1,1,8,12.5,8,44640000,44640000
2,한국,슈퍼빅터,039672,암,3,20181117,0,0,6,0,6,7600000,7600000
3,한국,라온한니발,039244,암,3,20190406,0,0,2,0,2,2000000,2000000
4,한국,골드레벨,038830,암,3,20181208,0,1,7,0,7,13200000,13200000
5,한국,올마이퀸,039111,암,3,20181222,0,0,7,0,7,0,0
6,한국,호크아리랑,039115,암,3,20190223,0,0,5,0,5,1600000,1600000
7,한국,어린왕자,035203,수,5,20160626,2,4,29,6.9,8,137800000,49800000
8,한국,원더풀이블,038596,수,3,20180707,3,2,11,27.3,10,137380000,134380000
9,한국,대변화,037840,거,4,20170826,2,1,16,12.5,13,62740000,50200000
0,한국,스피드영웅,037544,거,4,20170910,2,4,17,11.8,9,116800000,90400000
1,한국,라온돌풍,037087,거,4,20171028,0,3,22,0,13,65060000,46600000
2,한국,사이먼리치,035607,수,5,20170429,3,1,30,10,16,101200000,51600000
3,한국,광야불기둥,035058,암,5,20161211,1,3,25,4,11,75000000,15600000
4,한국,제주의흑선,037212,암,4,20171125,1,3,19,5.3,10,81840000,34200000
5,한국,장산파워,035943,수,5,20161126,8,0,22,36.4,8,498900000,168800000
6,한국,영롱,034397,수,6,20160227,6,4,29,20.7,5,348550000,46200000
7,미국,청담제왕,039855,수,4,20170923,3,5,18,16.7,10,256550000,195800000
8,한국,신규강자,031882,거,7,20140706,10,5,47,21.3,10,691720000,64000000
9,한국,피케이파티,036818,암,4,20170527,7,1,13,53.8,2,458200000,0
0,한국,라온매직,035580,거,5,20170114,8,0,17,47.1,7,331800000,81400000
1,한국,탑뮤직,038482,거,3,20190223,1,0,4,25,4,16080000,16080000
2,한국,행복의내일,039117,암,3,20180902,0,0,11,0,11,1200000,1200000
3,한국,푸에르스페스,037722,수,4,20180324,0,0,7,0,7,3120000,3120000
4,한국,퍼스트선더,037245,수,4,20171111,0,0,12,0,12,3760000,3760000
5,한국,그린파크,037305,암,4,20180519,0,0,9,0,9,2960000,2960000
6,한국,천지기상,038917,수,3,20180714,0,0,10,0,10,5520000,5520000
7,한국,인천라이언,039568,수,3,20181202,0,0,6,0,6,960000,960000
8,한국,스마티블루,037793,수,4,20180325,2,2,9,22.2,6,84600000,53400000
9,미국,관악함성,038110,거,5,20161112,0,2,26,0,9,59600000,35400000
0,미국,청담타이거,039848,거,4,20170923,1,1,14,7.1,10,60000000,57600000
1,한국,와와여장부,035661,암,5,20170122,2,3,21,9.5,8,117170000,3000000
2,미국,위즈레이니어,039961,거,4,20170916,0,0,12,0,6,18000000,15600000
3,미국,투게더허그,038117,암,5,20161127,1,2,26,3.8,10,104400000,7800000
4,한국,웰빙스토리,033762,수,6,20151031,3,0,33,9.1,10,115200000,8400000
5,미국,서울시대,041696,수,3,20181006,1,0,11,9.1,11,34200000,34200000
6,한국,승리나래,036805,거,4,20171223,2,1,14,14.3,9,79000000,31200000
7,한국,강철시대,033474,수,6,20150718,2,3,38,5.3,9,108000000,0
8,미국,스트롱큐피드,041757,암,3,20181027,0,0,8,0,8,0,0
9,한국,엘초이스,037103,암,4,20180429,1,1,7,14.3,5,47800000,25000000
0,한국,파티파워,033142,암,6,20160116,2,3,52,3.8,14,123200000,29800000
1,한국,캠프터치,037248,암,4,20171209,0,2,12,0,9,33400000,19800000
2,한국,럭키소천,039465,암,3,20180826,1,2,8,12.5,8,61800000,61800000
3,한국,풀문오션,039674,암,3,20181110,1,1,7,14.3,7,30840000,30840000
4,한국,운명에폴링,038656,암,3,20181104,1,0,4,25,4,13680000,13680000
5,한국,프라이빗맨,039311,수,3,20181006,1,1,8,12.5,8,56600000,56600000
6,한국,사려니킹,033564,거,6,20151024,2,3,47,4.3,11,111900000,14000000
7,한국,헤이드리머,038621,거,3,20180519,0,3,7,0,7,26040000,26040000
8,한국,라오진,038578,암,3,20180701,1,0,7,14.3,6,55000000,55000000
9,한국,논스톱플라잉,039265,암,3,20181215,1,0,5,20,5,27200000,27200000
0,한국,와니케이,037835,암,4,20180526,2,0,14,14.3,12,54920000,54920000
1,한국,플라잉헤라,037193,암,4,20171104,0,2,14,0,7,27200000,15200000
2,한국,선더머니,037634,거,4,20180624,1,1,12,8.3,11,28880000,28880000
3,미국,운주영웅,040108,거,3,20180728,0,0,11,0,11,1600000,1600000
4,한국,뉴패러다임,038991,암,3,20181020,1,2,7,14.3,7,48000000,48000000
5,한국,당대질주,038775,암,3,20180826,0,1,8,0,8,21920000,21920000
6,한국,골드페릴라,039486,수,3,20181006,1,0,11,9.1,11,27920000,27920000
7,한국,불사불패,036125,암,5,20170812,1,3,18,5.6,8,47600000,10000000
8,한국,머니샤프,037194,수,4,20171217,0,1,12,0,10,14880000,14880000
9,한국,지서니,037355,암,4,20170820,1,1,14,7.1,7,32140000,4000000
0,한국,수제비,037270,거,4,20171223,1,0,17,5.9,12,22000000,18880000
1,한국,굿초이스,037813,수,4,20170812,1,0,20,5,12,34960000,30160000
2,한국,아이엠위너,037059,암,4,20170826,1,0,20,5,11,34000000,25920000
3,한국,오케이탑,039057,수,3,20181124,0,3,5,0,5,33000000,33000000
4,한국,흑전사,038628,수,3,20181223,3,0,6,50,6,89600000,89600000
5,한국,그린다르크,038969,암,3,20180825,2,1,9,22.2,9,79200000,79200000
6,한국,맘껏달려,035884,거,5,20161022,2,3,27,7.4,9,95600000,36800000
7,한국,델타케이,035333,거,5,20161105,2,4,25,8,7,130400000,28200000
8,한국,남손,037909,거,4,20171014,2,2,15,13.3,8,115800000,36000000
9,한국,베스트에버,037195,수,4,20181014,2,1,7,28.6,7,55680000,55680000
0,한국,대성루비,035766,암,5,20161016,2,1,25,8,10,88720000,52600000
1,한국,파이어볼,035199,거,5,20160529,2,4,30,6.7,9,120750000,37200000
2,한국,루카스,038497,암,3,20180623,2,3,13,15.4,12,84430000,74680000
3,미국,문학쓰나미,041675,수,3,20180929,2,2,9,22.2,9,134250000,134250000
4,미국,금노아,038176,수,5,20161217,2,2,21,9.5,8,107775000,50175000
5,미국,남촌아티스트,039886,수,4,20171104,2,2,14,14.3,6,105900000,15750000
6,미국,몬테비데오,039995,수,4,20170916,0,2,11,0,8,51600000,28800000
7,미국,블루마스타,041742,암,3,20180929,1,2,10,10,10,92850000,92850000
8,미국,적벽신화,039816,거,4,20170730,2,1,20,10,11,148950000,96000000
9,미국,대군제패,041679,수,3,20181118,1,2,6,16.7,6,88800000,88800000
0,미국,돌아온날리,038073,수,5,20161008,1,1,21,4.8,6,100950000,22500000
1,미국,번개라이언,036382,수,6,20150719,1,3,33,3,7,88000000,12600000
2,미국,미스터터너,039980,거,4,20171014,1,3,18,5.6,11,91950000,63000000
3,한국,도끼블레이드,038910,수,3,20180812,2,2,6,33.3,6,144000000,144000000
4,한국,명품축제,038738,수,3,20180812,3,1,7,42.9,7,288180000,288180000
5,한국,글로벌축제,038906,수,3,20181007,4,0,7,57.1,7,236150000,236150000
6,한국,심장의고동,038511,수,3,20190127,2,1,6,33.3,6,224000000,224000000
7,한국,원더풀플라이,038576,수,3,20180701,3,1,5,60,4,565500000,531300000
8,호주,킹즈스텝,043381,수,2,20190519,1,0,2,50,2,42750000,42750000
9,호주,레벨탑,043384,거,2,20190427,0,0,2,0,2,0,0
0,미국,더검푸,041900,수,2,20190622,0,0,1,0,1,0,0
1,호주,아리안왕자,043374,수,2,20190622,0,0,1,0,1,0,0
2,미국,명진플라이,041914,거,2,20190622,0,1,1,0,1,15750000,15750000
3,호주,브리가디어제너럴,043383,수,2,20190622,0,0,1,0,1,9750000,9750000
4,미국,아메리칸포스원,041885,수,2,20190601,0,0,2,0,2,3750000,3750000
5,미국,문학에카티,043387,수,2,20190601,0,0,2,0,2,10800000,10800000
6,미국,문학서브,043388,수,2,20190622,0,0,1,0,1,0,0
7,미국,그레이킹덤,041901,수,2,20190622,0,0,1,0,1,0,0
8,호주,탑플라잉,043385,거,2,20190525,0,0,2,0,2,0,0
9,미국,켄터키망치,043439,거,2,20190622,0,0,1,0,1,0,0
0,미국,스프링백,041660,거,3,20180728,4,3,9,44.4,9,261000000,261000000
1,미국,노벰버모닝,034484,거,7,20140726,4,4,39,10.3,12,259280000,44100000
2,미국,바람속으로,036536,거,6,20151011,3,3,31,9.7,9,173650000,12600000
3,미국,에이스러너,038045,수,5,20160723,3,3,25,12,8,258500000,26700000
4,한국,컴플리트스윕,037429,수,4,20171125,4,3,14,28.6,10,233750000,116550000
5,미국,지오스타,038204,거,5,20161106,2,5,15,13.3,8,213150000,46800000
6,한국,야호스마트캣,037644,거,4,20170820,6,1,14,42.9,7,249600000,108300000
7,미국,짱콩,039891,수,4,20180722,3,0,8,37.5,8,138000000,138000000
8,한국,장산와일드,036976,거,4,20180203,6,2,15,40,10,264900000,173700000
9,미국,슈퍼플루이드,040113,수,3,20180721,2,1,11,18.2,11,148500000,148500000
0,한국,흥바람,037082,수,4,20171014,5,1,17,29.4,11,200850000,123450000
1,한국,스마트파티,038630,암,3,20181208,1,0,7,14.3,7,13680000,13680000
2,한국,페넘브라,038730,암,3,20190413,0,0,3,0,3,1600000,1600000
3,한국,리빙인더모던,039468,암,3,20190622,0,0,1,0,1,0,0
4,한국,큐피드여왕,039429,암,3,20190202,0,2,6,0,6,18640000,18640000
5,한국,하늘공원,039606,암,3,20190622,0,0,1,0,1,3120000,3120000
6,한국,피스오브룰즈,039100,암,3,20190512,0,0,2,0,2,1200000,1200000
7,한국,솔개바람,038840,암,3,20181028,0,0,6,0,6,1920000,1920000
8,한국,애니포스원,038820,암,3,20181222,0,0,6,0,6,1600000,1600000
9,한국,서울매직,038736,수,3,20181215,0,1,8,0,8,7200000,7200000
0,한국,정성와일드,038758,암,3,20190407,0,0,2,0,2,0,0
1,한국,메이세이드림,039512,암,3,20190519,1,0,2,50,2,15680000,15680000
2,한국,재능충만,038728,암,3,20190126,0,1,4,0,4,10240000,10240000
3,한국,젝스칸,039372,거,3,20181124,0,0,7,0,7,3120000,3120000
4,한국,라온호크,039491,거,3,20181124,0,0,5,0,5,1200000,1200000
5,한국,대군옥,039193,암,3,20190223,0,0,4,0,4,2960000,2960000
6,한국,우승마차,039148,암,3,20180714,0,0,14,0,14,7840000,7840000
7,한국,블루메가엘라,039555,암,3,20190105,0,0,7,0,7,1600000,1600000
8,한국,대군파워,039753,거,2,20190406,1,1,3,33.3,3,33200000,33200000
9,한국,에이원킹,039219,수,3,20190622,0,0,1,0,1,0,0
0,한국,초동스트리트,038987,암,3,20190622,0,1,1,0,1,8400000,8400000
1,한국,킹오브룰즈,039103,수,3,20181223,0,1,5,0,5,21800000,21800000
2,한국,영광의비트,039604,거,3,20190505,0,1,3,0,3,15600000,15600000
3,한국,파크블레이드,038573,암,3,20190518,0,0,3,0,3,3600000,3600000
4,한국,마하선더,039073,수,3,20180908,0,0,5,0,5,5200000,5200000
5,한국,시티송암,038977,거,3,20190331,0,0,3,0,3,2000000,2000000
6,한국,황금스타,039758,암,3,20190324,0,0,4,0,4,1600000,1600000
7,한국,호수아,038801,거,3,20190113,0,0,3,0,3,0,0
8,한국,제마특급,039360,암,3,20181201,2,2,5,40,5,62400000,62400000
9,한국,운악하비오,033200,거,6,20151205,2,4,38,5.3,11,99600000,2400000
0,한국,위너크라운,038509,거,3,20190105,1,2,7,14.3,7,33680000,33680000
1,한국,적토비마,039313,암,3,20180721,1,0,12,8.3,12,34240000,34240000
2,한국,이글스카이,037393,거,4,20170527,1,3,16,6.3,6,54290000,12000000
3,한국,공주사랑,036831,암,4,20171021,0,2,6,0,4,22600000,10000000
4,한국,바람의소리,038687,암,3,20180812,1,0,7,14.3,7,44600000,44600000
5,한국,화룡,037421,거,4,20190223,1,0,3,33.3,3,14880000,14880000
6,한국,금스타,038947,암,3,20190223,1,0,4,25,4,26400000,26400000
7,한국,스마트드림,035267,암,5,20161211,1,5,25,4,10,112800000,1600000
8,한국,파이어,036024,수,5,20170219,2,1,24,8.3,10,53520000,8200000
9,한국,화이트벨벳,039121,수,3,20180909,2,1,9,22.2,9,52000000,52000000
0,한국,원더풀마리아,038597,암,3,20181014,1,1,6,16.7,6,43000000,43000000
1,한국,함양산삼,038744,암,3,20181104,1,0,7,14.3,7,41800000,41800000
2,한국,피케이군주,039022,수,3,20181222,1,0,5,20,5,32600000,32600000
3,한국,갓오브삭스,038794,수,3,20180701,1,1,13,7.7,12,33680000,21080000
4,한국,한양누리,039299,암,3,20181215,1,0,4,25,4,39400000,39400000
5,한국,트루팀버,034954,암,5,20161126,1,3,26,3.8,9,62340000,9800000
6,한국,한센바로우즈,037472,수,4,20170624,1,2,21,4.8,11,39180000,15600000
7,한국,하늘에이스,037912,암,4,20180224,0,1,11,0,6,27600000,20400000
8,미국,우리,041659,수,3,20190406,2,0,3,66.7,3,68400000,68400000
9,한국,해피마운틴,037902,거,4,20180128,3,2,17,17.6,11,123400000,90600000
0,미국,대군피닉스,041847,거,3,20190622,0,0,1,0,1,0,0
1,미국,콜윈,041793,거,3,20181021,0,1,7,0,7,20400000,20400000
2,미국,에버더챔프,041724,거,3,20181006,0,1,8,0,8,25800000,25800000
3,아일랜드,애비보컬스,041773,수,3,20181006,0,0,7,0,7,13800000,13800000
4,미국,카일라스댄서,039906,수,4,20170827,1,1,16,6.3,9,55800000,55800000
5,미국,에모리삭스,040111,암,3,20180616,1,0,12,8.3,11,73650000,71250000
6,호주,골드블루매직,041576,암,3,20181020,0,0,8,0,8,12150000,12150000
7,한국,맞잡은손,037990,암,4,20170715,2,2,25,8,12,84720000,68000000
8,한국,데블맨,033144,거,6,20151024,2,5,39,5.1,12,148550000,36000000
9,한국,두손왕자,037280,수,4,20171021,3,3,22,13.6,12,145240000,110200000
0,한국,동방지주,037031,암,4,20180106,1,2,14,7.1,9,42880000,29200000
1,한국,낭만스타,036120,거,5,20170312,1,3,29,3.4,13,63200000,50400000
2,한국,더블골드,037144,거,4,20171014,2,0,19,10.5,9,72400000,33200000
3,한국,영스톰,035764,수,5,20161008,3,1,29,10.3,10,120260000,40800000
4,한국,장산플라이,038575,거,3,20180909,2,1,8,25,8,75600000,75600000
5,한국,스트롱캡틴,037234,거,4,20170910,2,4,23,8.7,12,109160000,76800000
6,한국,몬스터퀸,033371,암,6,20151121,2,1,32,6.3,9,140000000,36600000
7,한국,정상만세,035246,수,5,20161029,1,3,21,4.8,12,80200000,25600000
8,한국,라이징삭스,037615,암,4,20180415,2,2,10,20,6,65600000,32800000
9,한국,선오브선더,038776,거,3,20181117,1,3,7,14.3,7,57000000,57000000
0,한국,온리바람,037168,수,4,20170624,3,2,24,12.5,12,110280000,88600000
1,한국,그레이삭스,035252,암,5,20160626,4,4,19,21.1,7,308200000,74250000
2,한국,에이스솔롱고,038610,암,3,20180902,3,3,10,30,10,150750000,150750000
3,한국,섬싱미스터리,037621,수,4,20171111,3,2,17,17.6,11,122750000,61950000
4,한국,머니대륙,037857,암,4,20180505,3,3,14,21.4,11,133750000,109350000
5,한국,미르스톰,038693,거,3,20180721,3,0,8,37.5,8,105000000,105000000
6,한국,백투백,037342,거,4,20171112,3,3,16,18.8,9,151000000,105000000
7,한국,럭셔리해피,035264,암,5,20170211,4,3,28,14.3,9,223750000,118050000
8,한국,무사,037150,수,4,20170923,4,1,18,22.2,10,154650000,25500000
9,한국,서클댄서,035122,암,5,20160828,4,3,30,13.3,9,256700000,22950000
0,한국,논스톱행진,039597,암,3,20190223,1,0,4,25,4,15680000,15680000
1,한국,새로운보배,038507,암,3,20190623,0,0,1,0,1,0,0
2,한국,미라클호프,039706,수,3,20181104,0,2,6,0,6,14400000,14400000
3,한국,달리는에이스,037138,거,4,20180721,0,1,11,0,11,8160000,8160000
4,한국,파워프라이드,039473,거,3,20181117,0,0,5,0,5,4800000,4800000
5,한국,서울시티,039215,암,3,20190223,0,1,5,0,5,12480000,12480000
6,한국,승리전설,039405,암,3,20180812,0,0,6,0,6,3120000,3120000
7,한국,정문사랑,038476,수,3,20180623,0,1,8,0,7,52470000,48720000
8,한국,기로,039346,암,3,20190525,0,0,2,0,2,0,0
9,한국,성파장,039221,암,3,20190316,0,1,3,0,3,5040000,5040000
0,미국,브라이트캣,038115,수,5,20161022,6,4,27,22.2,7,386400000,113300000
1,미국,위너골드,040017,수,4,20170930,8,4,18,44.4,10,603700000,304400000
2,미국,토스코노바캣,039996,수,4,20170923,4,3,16,25,9,331400000,232100000
3,미국,다이샨,032747,거,8,20130728,5,8,55,9.1,8,556660000,21800000
4,미국,흥룡,038137,거,5,20161029,5,6,26,19.2,8,475200000,47800000
5,미국,젠테너리,032743,거,8,20131130,7,6,51,13.7,10,598330000,167400000
6,한국,라온세레나,038458,암,3,20180721,3,3,10,30,10,153600000,153600000
7,한국,푸른질주,034040,암,6,20160827,2,2,23,8.7,12,86600000,25800000
8,한국,비욘드오버,038671,암,3,20180715,1,4,11,9.1,11,82200000,82200000
9,한국,광마힐,035364,암,5,20161105,3,1,24,12.5,8,114360000,28800000
0,한국,메니그랜드,039145,암,3,20190203,2,0,5,40,5,66800000,66800000
1,한국,글로벌천하,039553,수,3,20180909,2,1,9,22.2,9,71880000,71880000
2,한국,당당한여걸,035496,암,5,20170121,2,2,19,10.5,7,83400000,2400000
3,한국,스트라이드업,038992,거,3,20180908,2,2,10,20,10,62440000,62440000
4,한국,백산포스,037746,암,4,20180120,2,2,10,20,5,73000000,37800000
5,캐나다,고고비,041779,암,3,20181216,1,0,6,16.7,6,55200000,55200000
6,미국,대군의꿈,041681,거,3,20181103,0,0,4,0,4,0,0
7,미국,알리바바마린,041672,수,3,20180916,0,1,5,0,5,20400000,20400000
8,미국,맨해튼뮤직,039888,암,4,20170820,0,2,16,0,7,64950000,15600000
9,미국,광폭기세,041838,수,3,20190324,0,0,4,0,4,3000000,3000000
0,미국,소울리마제스틱,041854,암,3,20190119,1,0,6,16.7,6,42000000,42000000
1,호주,파이널칸지노,040069,수,3,20190519,0,0,2,0,2,0,0
2,호주,탑매직마스터,041572,거,3,20180826,0,0,9,0,9,24000000,24000000
3,호주,블랙엘리트,043373,거,2,20190623,0,0,1,0,1,0,0
4,미국,우정의향기,041753,암,3,20181013,0,0,7,0,7,6000000,6000000
5,한국,수호,039527,거,3,20190119,1,2,6,16.7,6,41600000,41600000
6,한국,황금도야지,038619,암,3,20190324,1,1,4,25,4,37360000,37360000
7,한국,천괴성,038961,거,3,20181020,0,2,7,0,7,24000000,24000000
8,한국,아마로네,036954,암,4,20170909,1,2,15,6.7,8,54800000,17200000
9,한국,인디레이디,039515,암,3,20180825,1,2,10,10,10,55600000,55600000
0,한국,마샤,036798,암,4,20171126,0,3,14,0,8,43600000,16000000
1,한국,세명스톰,038696,수,3,20190302,1,0,5,20,5,30000000,30000000
2,미국,코팔레로,038061,거,5,20160731,1,0,35,2.9,12,42300000,7400000
3,한국,럭키봉화,037284,수,4,20170624,1,3,19,5.3,10,75540000,47200000
4,한국,호프킹덤,038493,거,3,20180527,0,3,7,0,7,26560000,26560000
5,한국,메니스피드,038680,수,3,20190113,0,0,7,0,7,23440000,23440000
6,한국,천년의비,039214,암,3,20181027,1,0,8,12.5,8,22880000,22880000
7,한국,스타리스트,037509,암,4,20180325,1,2,17,5.9,13,72200000,57000000
8,한국,승리플러스,037107,수,4,20171014,0,4,19,0,11,48880000,37240000
9,일본,동해클럽,040064,거,4,20171209,0,0,8,0,6,5400000,0
0,한국,클린업드림,035944,거,5,20160618,1,1,24,4.2,7,36800000,10400000
1,한국,정동독주,037169,암,4,20180519,1,0,15,6.7,12,18720000,18720000
2,한국,달려라속보,037512,거,4,20180303,0,1,11,0,8,9360000,9360000
3,한국,청담호랑이,038795,수,3,20190428,0,1,3,0,3,8160000,8160000
4,한국,한얼스타,039081,암,3,20190323,0,0,4,0,4,1200000,1200000
5,한국,동서제패,039769,거,3,20181201,0,0,4,0,4,960000,960000
6,한국,캐럿시커,037012,수,4,20180429,0,0,15,0,12,6480000,6480000
7,한국,킹포스원,038616,수,3,20190525,0,0,2,0,2,0,0
8,한국,대디글로리,039375,암,3,20180825,3,2,8,37.5,8,163800000,163800000
9,한국,정상돌풍,037689,수,4,20170903,2,1,16,12.5,7,52280000,0
0,한국,금아선더,037202,암,4,20170909,1,4,19,5.3,9,103400000,31200000
1,한국,레이징엔젤,037865,암,4,20181223,2,0,7,28.6,7,62600000,62600000
2,한국,스마티아델,038904,암,3,20180728,2,1,9,22.2,9,86000000,86000000
3,한국,포에버위너,037388,암,4,20171014,3,2,17,17.6,10,121400000,49800000
4,한국,우라칸,037240,수,4,20171021,3,3,17,17.6,10,116340000,60000000
5,한국,아이엠스타,033911,거,6,20150912,1,3,33,3,10,86750000,7800000
6,한국,피렌체힐,039554,수,3,20180902,1,2,8,12.5,8,43480000,43480000
7,한국,슈퍼여왕,036879,암,4,20180224,2,0,7,28.6,5,53000000,28200000
8,미국,흥복드림,041593,거,3,20180630,3,2,10,30,9,161400000,161400000
9,미국,서울탱크,038052,거,5,20161105,2,2,36,5.6,13,107250000,32250000
0,미국,대군천하,041677,수,3,20190105,1,1,6,16.7,6,89550000,89550000
1,미국,베네딕트,041719,수,3,20180929,2,2,10,20,10,113250000,113250000
2,미국,환상스타,041686,수,3,20180909,0,4,9,0,9,64350000,64350000
3,호주,체인지메이커,041571,수,3,20181201,1,1,7,14.3,7,57000000,57000000
4,미국,판타스틱콤비,039889,거,4,20170923,1,0,14,7.1,7,45450000,3750000
5,미국,그레이트조이,036430,거,6,20150830,0,4,26,0,8,108650000,9000000
6,미국,삼삼빅토리,039981,거,4,20171217,2,3,16,12.5,9,130050000,80250000
7,한국,불의고리,037922,수,4,20180414,5,3,11,45.5,8,293100000,274300000
8,한국,알파칸,035222,수,5,20160626,4,3,30,13.3,11,191500000,33200000
9,한국,센타포바,035172,수,5,20160731,3,4,30,10,12,229650000,81000000
0,한국,샤크대장군,036953,수,4,20170701,4,4,17,23.5,9,252550000,191550000
1,한국,초인마,036978,수,4,20170617,4,4,17,23.5,7,720900000,107900000
2,한국,팔팔빅토리,037864,거,4,20180414,3,3,13,23.1,10,181600000,101800000
3,한국,제주의하늘,035877,암,5,20170115,3,4,18,16.7,6,234100000,68900000
4,한국,패스트패션,037047,거,4,20171029,4,2,15,26.7,9,125520000,106800000
5,한국,서울의별,037886,암,4,20170812,4,1,18,22.2,8,366000000,273400000
6,한국,심플라이프,037426,수,4,20170730,4,4,17,23.5,9,238660000,90900000
7,한국,허니버터니노,033150,거,6,20151003,4,5,35,11.4,10,230500000,81900000
8,한국,사려니힐링,035871,거,5,20160716,3,4,34,8.8,10,216750000,40100000
9,한국,클리어검,038854,암,3,20181216,3,2,7,42.9,7,259980000,259980000
0,한국,흥부자,039337,암,3,20180915,3,0,9,33.3,9,85000000,85000000
1,한국,대완마,038862,암,3,20180623,4,0,7,57.1,6,382050000,339300000
2,한국,다이아로드,038985,암,3,20190302,3,1,4,75,4,153300000,153300000
3,한국,레인,039019,암,3,20180722,1,1,9,11.1,9,39340000,39340000
4,한국,방탄마,038982,암,3,20180722,1,2,11,9.1,11,73300000,73300000
5,한국,스마일걸,038447,암,3,20181222,3,1,6,50,6,169500000,169500000
6,한국,맘마로마,038536,암,3,20181006,1,4,9,11.1,9,95700000,95700000
7,한국,초인강자,040797,수,2,20190629,1,0,1,100,1,42750000,42750000
8,한국,청운지벽,040516,암,2,20190629,0,0,1,0,1,0,0
9,한국,메이블루,041141,암,2,20190629,0,0,1,0,1,0,0
0,한국,피케이힐,040369,암,2,20190629,0,1,1,0,1,15750000,15750000
1,한국,정문서미트,040368,수,2,20190629,0,0,1,0,1,9750000,9750000
2,한국,마성투혼,041071,암,2,20190629,0,0,1,0,1,3750000,3750000
3,한국,바디스타,041061,수,2,20190629,0,0,1,0,1,3000000,3000000
4,한국,달리는빛깔,041188,수,2,20190629,0,0,1,0,1,0,0
5,한국,화려,040974,암,2,20190629,0,0,1,0,1,0,0
6,한국,원더풀하트,040684,암,2,20190629,0,0,1,0,1,0,0
7,한국,삼애락,040513,암,2,20190629,0,0,1,0,1,0,0
8,한국,럭키상운,041119,수,2,20190629,0,0,0,0,0,0,0
9,미국,청담지니,040106,거,3,20181201,3,1,6,50,6,139200000,139200000
0,미국,이글스그리프터,039965,수,4,20171111,1,2,13,7.7,7,81750000,63750000
1,미국,가온퀸,040216,암,3,20180909,2,1,7,28.6,7,113400000,113400000
2,미국,탭패션드,040012,거,4,20170923,2,3,15,13.3,8,150900000,63750000
3,미국,대군의창,041678,수,3,20181006,1,4,7,14.3,7,113550000,113550000
4,호주,빅갈랜드,039824,수,4,20170701,1,2,18,5.6,10,89400000,81600000
5,미국,말리부진저,039934,거,4,20171202,1,1,12,8.3,9,77700000,69900000
6,미국,코리아정상,036485,수,6,20150920,2,3,29,6.9,9,146800000,15300000
7,미국,해피보이,039843,수,4,20171022,2,1,17,11.8,9,103350000,48750000
8,한국,정상오름,032188,거,7,20141130,3,9,40,7.5,8,221500000,0
9,한국,비사연,039030,거,3,20190525,1,0,2,50,2,28000000,28000000
0,한국,금아임패커블,039013,거,3,20190525,0,0,2,0,2,0,0
1,한국,두둥이,039286,수,3,20190629,0,0,1,0,1,0,0
2,한국,운해베스트,038737,수,3,20190421,0,0,3,0,3,0,0
3,한국,위너마운틴,039184,거,3,20190421,0,1,3,0,3,13600000,13600000
4,한국,싱싱장수,038460,거,3,20190105,0,1,3,0,3,13600000,13600000
5,한국,로열블레이드,039658,거,3,20190421,0,0,2,0,2,2000000,2000000
6,한국,비제니스,038757,수,3,20190629,0,0,1,0,1,1600000,1600000
7,한국,스트레토,041609,수,2,20190629,0,0,1,0,1,0,0
8,한국,트루루비,038948,암,3,20190629,0,0,1,0,1,0,0
9,한국,애니선,040314,암,2,20190629,0,0,1,0,1,0,0
0,한국,클리어스토리,038877,암,3,20190629,0,0,1,0,1,0,0
1,미국,바램,041797,암,3,20190420,1,1,2,50,2,49950000,49950000
2,미국,대박행진,040110,암,3,20180728,0,4,8,0,8,60150000,60150000
3,미국,문학위너,041562,수,3,20190119,0,2,4,0,4,39150000,39150000
4,미국,케미블루,041726,수,3,20180909,0,0,10,0,10,13800000,13800000
5,미국,프리티오드보이,040055,수,4,20180407,0,0,9,0,9,15600000,15600000
6,미국,패션피플,041669,수,3,20190106,0,1,6,0,6,15750000,15750000
7,미국,자이언트마초,041782,거,3,20181216,0,0,5,0,5,0,0
8,미국,다다비,041778,거,3,20181110,0,0,5,0,5,0,0
9,한국,라온스텔라,038700,수,3,20180728,1,0,9,11.1,9,24480000,24480000
0,한국,마하천하,037299,암,4,20180429,0,1,8,0,8,9600000,9600000
1,한국,컬러즈킹,039316,거,3,20181124,0,1,7,0,7,5040000,5040000
2,한국,최강매직,039020,거,3,20190323,0,1,5,0,5,10160000,10160000
3,한국,꼬꼬마레이디,039189,암,3,20190324,0,0,5,0,5,1200000,1200000
4,한국,베스트맨,037911,거,4,20180624,0,0,11,0,10,960000,960000
5,한국,스페셜버드,036909,암,4,20180225,0,0,16,0,12,6880000,6880000
6,한국,에이스돈키,038799,수,3,20190224,0,0,3,0,3,0,0
7,한국,천세만세,038880,수,3,20180721,0,0,12,0,12,8800000,8800000
8,한국,황금신화,037417,암,4,20181020,0,0,4,0,4,0,0
9,한국,사바킹덤,039095,거,3,20180812,2,0,8,25,8,62600000,62600000
0,한국,럭셔리파워,039765,거,3,20181020,1,0,6,16.7,6,24800000,24800000
1,한국,천록,038602,암,3,20181201,0,3,10,0,10,33600000,33600000
2,한국,발뢰자,039479,수,3,20180826,1,0,4,25,4,85500000,85500000
3,한국,명왕,039330,거,3,20190504,1,1,2,50,2,31200000,31200000
4,한국,금빛열정,039716,암,3,20180915,1,0,6,16.7,6,18880000,18880000
5,한국,엄지여왕,037216,암,4,20170701,1,1,19,5.3,12,53160000,29400000
6,한국,퀸포스원,037686,암,4,20180128,1,2,14,7.1,12,50840000,40840000
7,한국,라온패트릭,038518,암,3,20180915,1,0,5,20,5,17680000,17680000
8,한국,캠프바다,039253,암,3,20181124,1,0,8,12.5,8,24480000,24480000
9,한국,투어브라더,039358,거,3,20180707,1,1,8,12.5,8,32400000,32400000
0,한국,로열샬롬,039657,암,3,20180915,1,1,8,12.5,8,35600000,35600000
1,한국,호크행진곡,039124,수,3,20190413,2,1,3,66.7,3,54000000,54000000
2,한국,정문사이,039498,수,3,20190203,1,1,4,25,4,36400000,36400000
3,한국,명마질주,038899,암,3,20181020,0,3,7,0,7,27040000,27040000
4,한국,라온프로센스,037841,거,4,20170902,1,1,21,4.8,12,51780000,28000000
5,한국,블레싱로드,037927,암,4,20171223,1,0,18,5.6,12,41840000,34480000
6,한국,선퀸,037291,암,4,20180624,1,1,8,12.5,7,39800000,31400000
7,한국,대천히어로,036973,거,4,20170910,1,1,17,5.9,12,46240000,30000000
8,한국,음악대장,036098,수,5,20161225,2,2,27,7.4,8,74800000,2400000
9,한국,스페셜골드,036911,암,4,20180120,1,0,9,11.1,8,32720000,32720000
0,한국,엘란,036059,거,5,20170603,4,2,23,17.4,9,146440000,79200000
1,한국,엠제이로드,037339,암,4,20170910,3,0,19,15.8,11,143000000,49200000
2,한국,두만강,033231,암,6,20151219,2,2,36,5.6,13,116500000,44800000
3,한국,메니스마트,037391,암,4,20170930,2,0,11,18.2,9,59400000,56400000
4,한국,하늘나래,038909,수,3,20180902,2,1,10,20,10,50280000,50280000
5,한국,정상으뜸,037316,거,4,20171021,1,4,23,4.3,12,96000000,48000000
6,한국,스토미,037206,수,4,20170617,1,3,23,4.3,11,84140000,32400000
7,한국,캡틴파워,037849,수,4,20170722,2,2,26,7.7,13,96340000,38400000
8,한국,피오레,037699,암,4,20170722,1,3,21,4.8,13,59640000,38000000
9,한국,퍼스티지,036104,암,5,20161224,3,2,29,10.3,11,78360000,26800000
0,한국,제왕의별,037599,수,4,20171224,3,4,12,25,10,160300000,135100000
1,한국,사려니윈,034083,거,6,20161001,2,4,28,7.1,11,132400000,62400000
2,한국,능력시대,037001,암,4,20180203,4,1,17,23.5,12,151180000,130300000
3,한국,보드람,037631,암,4,20170910,3,4,16,18.8,10,150750000,112150000
4,한국,더불어숲,036802,거,4,20171029,3,3,12,25,7,135030000,101550000
5,한국,그랜드돌풍,037767,수,4,20171203,3,2,18,16.7,11,116980000,108340000
6,한국,스트롱샤인,030761,거,8,20131207,3,2,68,4.4,11,191950000,28500000
7,한국,엘리트퀸,033205,암,6,20150919,3,5,48,6.3,12,176400000,75000000
8,한국,기동대장,037324,거,4,20170617,4,1,19,21.1,8,132400000,71400000
9,한국,뉴와이파이,036000,수,5,20160618,4,1,24,16.7,10,187350000,52500000
0,한국,스피드이즈칸,036790,수,4,20171001,2,6,19,10.5,11,167750000,98550000
1,미국,메갈리오스,039975,수,4,20170924,4,1,15,26.7,8,212900000,192350000
2,한국,스트롱로드,030676,수,8,20140301,10,5,48,20.8,8,670350000,3600000
3,미국,대쥬신,038205,수,5,20161022,2,3,28,7.1,9,204750000,40350000
4,한국,골드마운틴,031436,거,7,20140831,7,3,52,13.5,11,449850000,51300000
5,한국,라피도쿠스,039773,거,3,20181013,5,0,8,62.5,8,192150000,192150000
6,한국,원더풀챔피언,036917,수,4,20170709,4,5,18,22.2,8,232340000,152600000
7,미국,반야동행,038033,수,5,20160904,4,1,28,14.3,10,288800000,25200000
8,미국,역전의우승,038133,거,5,20170408,2,2,19,10.5,9,159750000,39600000
9,미국,아르고브레인,032748,수,8,20130831,5,3,45,11.1,8,310950000,0
0,한국,소망의탑,040851,암,2,20190630,1,0,1,100,1,22800000,22800000
1,한국,비앙카,039622,암,3,20190303,0,0,4,0,4,0,0
2,한국,왕표의꿈,038805,암,3,20190630,0,0,1,0,1,0,0
3,한국,다시두손,041246,암,2,20190630,0,1,1,0,1,8400000,8400000
4,한국,골드히어로,039503,암,3,20190630,0,0,1,0,1,5200000,5200000
5,한국,농부의수채화,039142,암,3,20190630,0,0,1,0,1,2000000,2000000
6,한국,추석달,039590,암,3,20190413,0,0,3,0,3,1600000,1600000
7,한국,플라잉주노,038745,암,3,20181006,0,0,4,0,4,5200000,5200000
8,한국,골든스파크,037432,암,4,20180708,0,0,4,0,4,4160000,4160000
9,한국,페더럴퀸,039386,암,3,20190518,0,0,2,0,2,0,0
0,한국,쿠카캣,038663,암,3,20190427,0,0,3,0,3,1600000,1600000
1,미국,티즈플랜,039845,수,4,20171021,7,0,12,58.3,7,370550000,239400000
2,한국,나스카프린스,035295,수,5,20161225,6,5,17,35.3,8,390950000,168300000
3,미국,천마,032848,거,8,20131026,7,4,54,13,9,578530000,38200000
4,미국,뉴시타델,038092,수,5,20160827,6,3,16,37.5,4,497550000,0
5,한국,금투사,036108,거,5,20161030,4,5,26,15.4,9,255020000,136350000
6,미국,삼성불패,038018,거,5,20161210,4,7,21,19,7,354550000,41800000
7,미국,장산카우보이,036387,거,6,20151129,5,3,34,14.7,10,427850000,32800000
8,미국,다이나믹질주,031293,수,8,20160221,2,4,34,5.9,11,314900000,35200000
9,한국,구통사,035089,거,5,20161119,6,2,23,26.1,8,308150000,41000000
0,한국,찬마,033663,수,6,20151122,8,1,31,25.8,7,507450000,43800000
1,한국,울트라로켓,036262,거,5,20160618,7,6,30,23.3,10,575250000,257900000
2,미국,대박이다,034859,거,6,20151101,4,2,31,12.9,6,292500000,63000000
3,호주,가을의전설,034795,수,5,20160528,6,1,29,20.7,8,384850000,72000000
4,미국,엠제이파워,041697,거,3,20181103,2,2,8,25,8,139500000,139500000
5,미국,문학타이거,041604,수,3,20180728,1,3,7,14.3,7,102600000,102600000
6,미국,인천치프,041792,수,3,20181125,2,0,7,28.6,7,92400000,92400000
7,미국,엠파이어킹덤,039933,거,4,20170916,2,1,17,11.8,9,125700000,13500000
8,미국,소중한만남,038150,수,5,20160911,2,5,29,6.9,9,177900000,6600000
9,미국,삼육으뜸,039846,수,4,20170730,1,3,17,5.9,8,77400000,61800000
0,한국,러블리누트,036754,암,4,20171105,3,4,13,23.1,11,152080000,152080000
1,한국,러닝복스,039116,암,3,20190324,2,1,3,66.7,3,54000000,54000000
2,한국,그린와이,039140,암,3,20180721,0,2,11,0,11,10080000,10080000
3,한국,버킷풀골드,038797,수,3,20180909,1,3,7,14.3,7,53000000,53000000
4,한국,사이먼퀸,039577,암,3,20190216,1,0,4,25,4,18880000,18880000
5,한국,제너럴로즈,038613,암,3,20181222,1,1,5,20,5,33280000,33280000
6,한국,본엔젤,039164,수,3,20180908,0,2,7,0,7,21840000,21840000
7,한국,빅프로,038692,수,3,20181007,0,3,7,0,7,21480000,21480000
8,한국,블랙스피릿,037020,암,4,20171015,0,2,16,0,10,34800000,27600000
9,한국,속보옹주,036237,암,5,20161120,0,1,24,0,8,28240000,15200000
0,한국,스칼렛퍼펙트,036759,암,4,20171119,0,1,19,0,12,16320000,6080000
1,한국,금순이스타,039535,수,3,20181125,1,1,8,12.5,8,32240000,32240000
2,한국,팍스레코드,039234,암,3,20190525,0,0,2,0,2,0,0
3,한국,인디언서머,038542,수,3,20190309,0,0,3,0,3,2000000,2000000
4,한국,킹오브이글,038446,거,3,20181104,0,2,6,0,6,15440000,15440000
5,한국,달리는웅지,037139,수,4,20180826,0,1,9,0,9,13440000,13440000
6,한국,장군의시대,038526,암,3,20180908,0,0,7,0,7,8000000,8000000
7,한국,으뜸이루리,039540,수,3,20190518,0,0,2,0,2,960000,960000
8,한국,시드니머니,038483,암,3,20181117,0,0,3,0,3,0,0
9,한국,내길의빛,037832,거,4,20180415,0,1,10,0,10,10320000,10320000
0,한국,해피하와이,039123,암,3,20190302,0,0,5,0,5,0,0
1,한국,컨트리송,037551,암,4,20180106,0,0,15,0,10,1200000,1200000
2,한국,최강신기,038780,거,3,20180811,0,0,2,0,2,1600000,1600000
3,한국,금아애크미,038457,수,3,20181222,1,0,4,25,4,17680000,17680000
4,한국,언성히어로,039431,암,3,20190324,0,0,4,0,4,0,0
5,한국,야호엠제이캣,039703,암,3,20180915,0,1,7,0,7,13200000,13200000
6,한국,사이먼킹덤,039558,수,3,20190317,0,0,5,0,5,0,0
7,한국,투더빅토리,038960,암,3,20181014,0,2,8,0,8,23040000,23040000
8,한국,만석지기,038539,수,3,20181103,0,0,5,0,5,7720000,7720000
9,한국,선샤인특급,039398,암,3,20181110,0,0,7,0,7,1200000,1200000
0,한국,풍문으로,036977,암,4,20180407,0,1,15,0,12,13120000,12160000
1,한국,대대손손,039139,암,3,20190427,0,0,4,0,4,960000,960000
2,한국,패밀리파크,039324,암,3,20190427,0,0,3,0,3,5200000,5200000
3,한국,위너템플러,038470,암,3,20190630,0,0,1,0,1,0,0
4,한국,더블에스,038837,암,3,20190105,0,0,5,0,5,1600000,1600000
5,한국,업라이트,038532,수,3,20180714,3,1,11,27.3,11,106800000,106800000
6,일본,황금들판,036551,암,6,20151101,3,2,44,6.8,13,194450000,66300000
7,미국,슈퍼도끼,041585,거,3,20180812,0,1,8,0,8,20400000,20400000
8,미국,마이티윙,041685,수,3,20180909,0,1,8,0,8,24600000,24600000
9,미국,대군일갈,041680,거,3,20180916,0,2,6,0,6,38400000,38400000
0,미국,리워드하이,036469,암,6,20150913,1,3,40,2.5,12,157250000,12300000
1,한국,햇빛나,032456,수,7,20140906,5,4,62,8.1,18,300700000,20550000
2,미국,스칸다,039905,수,4,20180714,0,0,8,0,8,15600000,15600000
3,한국,스트롱벌처,039005,거,3,20180714,2,1,7,28.6,7,64520000,64520000
4,미국,마하탄생,039976,암,4,20170916,0,1,14,0,8,8400000,8400000
5,미국,엠제이파티,041694,암,3,20181215,0,0,10,0,10,5200000,5200000
6,한국,인디언에코,037048,암,4,20171001,1,0,16,6.3,10,30080000,14000000
7,한국,실버라이언,035858,암,5,20170122,1,2,23,4.3,8,42800000,11600000
8,한국,엠제이타운,039763,암,3,20180902,0,1,9,0,9,21200000,21200000
9,한국,세라여제,037786,암,4,20190105,0,1,8,0,8,19280000,19280000
0,한국,마패봉,036945,수,4,20170813,1,2,13,7.7,10,39520000,37920000
1,한국,실버디자인,037626,암,4,20171217,1,0,18,5.6,12,35600000,6200000
2,한국,늘새찬,037353,암,4,20171216,1,0,10,10,6,41000000,13000000
3,한국,광폭주행,037126,거,4,20171202,1,2,16,6.3,13,45120000,43120000
4,한국,탄탄위너,039585,수,3,20181124,1,1,8,12.5,8,38480000,38480000
5,한국,라스트잭팟,035049,거,5,20161022,1,2,30,3.3,11,56600000,26000000
6,한국,남쪽나라,037016,암,4,20170902,0,1,22,0,16,35040000,31120000
7,한국,팍스레인저,037118,암,4,20170910,0,1,21,0,11,25280000,13440000
8,한국,아스테르,037806,거,4,20170916,0,2,22,0,12,24840000,11400000
9,한국,인디언보스,039122,수,3,20181006,0,2,9,0,9,14640000,14640000
0,한국,대운하,036864,수,4,20171209,0,1,14,0,10,30560000,22160000
1,미국,천지명장,041698,수,3,20181006,0,0,9,0,9,0,0
2,한국,최강스타,038603,수,3,20180721,4,0,8,50,8,137200000,137200000
3,한국,로열복순이,037497,암,4,20170812,2,1,26,7.7,13,89200000,13200000
4,한국,영화즈플라잉,039466,암,3,20190216,2,1,3,66.7,3,58200000,58200000
5,한국,라온스톰,039158,거,3,20181202,2,2,5,40,5,78600000,78600000
6,한국,큰바다,031491,수,7,20140727,4,3,37,10.8,8,201650000,3000000
7,한국,로만블레이드,037106,암,4,20171210,2,2,14,14.3,10,81000000,44600000
8,한국,위닝블레이드,038486,거,3,20180623,2,2,9,22.2,8,90150000,74400000
9,한국,마이호크,039314,수,3,20181124,2,0,7,28.6,7,58600000,58600000
0,한국,리치마인,037428,암,4,20170826,3,1,16,18.8,10,119230000,55200000
1,한국,원더풀트루스,039008,암,3,20181006,2,1,7,28.6,7,77100000,77100000
2,한국,이스크라,037856,거,4,20180602,3,2,12,25,10,111120000,103920000
3,한국,룰즈이천,038842,수,3,20180902,2,0,8,25,8,59400000,59400000
4,한국,위너스피릿,036961,수,4,20180603,2,1,13,15.4,11,56480000,42800000
5,한국,서울퀸,033485,암,6,20150606,4,2,45,8.9,10,176500000,25800000
6,한국,트라이선더,038541,거,3,20180908,2,1,9,22.2,9,86800000,86800000
7,한국,베스트빅토리,037691,수,4,20170902,3,1,22,13.6,12,101480000,73800000
8,한국,천하형국,037668,수,4,20170827,2,2,19,10.5,10,79940000,45000000
9,한국,여걸비전,039192,암,3,20180826,2,1,8,25,8,62200000,62200000
0,한국,가온포스,038882,거,3,20180902,2,2,9,22.2,9,106300000,106300000
1,한국,공산,037607,암,4,20180303,2,4,17,11.8,12,134120000,115800000
2,한국,역대최고,039531,거,3,20181202,2,0,7,28.6,7,55200000,55200000
3,한국,초인볼트,038592,수,3,20181124,3,0,4,75,4,82800000,82800000
4,한국,신부,039467,암,3,20190113,1,0,7,14.3,7,22480000,22480000
5,한국,퍼펙트라이트,040588,암,2,20190706,0,0,1,0,1,0,0
6,한국,지금이최강,039594,수,3,20190316,0,0,3,0,3,0,0
7,한국,룰즈파크,039513,암,3,20190706,0,0,1,0,1,0,0
8,한국,레드선,039212,거,3,20190608,0,1,2,0,2,5040000,5040000
9,한국,라온조이,039042,암,3,20180909,0,0,7,0,7,8320000,8320000
0,한국,뇌성벽력,038815,거,3,20181020,0,0,8,0,8,10720000,10720000
1,한국,스터닝어게인,038951,거,3,20181028,0,0,7,0,7,2960000,2960000
2,한국,최강다이아,037847,암,4,20181014,0,0,7,0,7,960000,960000
3,한국,초동무적,040277,수,2,20190525,0,0,2,0,2,0,0
4,한국,금노래,038580,암,3,20190216,0,0,4,0,4,0,0
5,한국,모노투,037385,암,4,20190706,0,0,1,0,1,0,0
6,미국,어느멋진날,041592,거,3,20180818,2,0,9,22.2,9,92250000,92250000
7,호주,푸른매,036446,거,5,20160611,2,2,26,7.7,12,153000000,45000000
8,한국,솔파랑,037024,암,4,20180407,3,3,10,30,9,133500000,110700000
9,미국,문학아리아리,041533,수,3,20180630,2,1,9,22.2,8,119850000,119850000
0,한국,초동레이스,035490,거,5,20170415,3,3,20,15,9,124500000,74400000
1,미국,플라잉보스,039962,수,4,20170923,0,4,17,0,9,76050000,38100000
2,미국,황홀한질주,038114,암,5,20161008,1,3,28,3.6,9,125250000,38250000
3,한국,구름손짓해,037769,거,4,20171014,2,3,19,10.5,10,119550000,30750000
4,한국,머니캠프,035045,암,5,20160710,3,0,16,18.8,8,106100000,47700000
5,한국,밸리퀸,039107,암,3,20190127,1,0,4,25,4,18880000,18880000
6,한국,카이젠실버,037859,거,4,20181222,0,1,5,0,5,8160000,8160000
7,한국,정동사랑,039611,암,3,20190330,0,0,5,0,5,4320000,4320000
8,한국,코리아대장부,039264,거,3,20181104,0,0,7,0,7,4000000,4000000
9,한국,레몬키드,039274,암,3,20190512,0,0,3,0,3,960000,960000
0,한국,실버드래곤,039662,수,3,20190406,0,0,2,0,2,0,0
1,한국,머니캣,041913,수,3,20190525,0,0,2,0,2,0,0
2,한국,금상천하,039682,수,3,20190223,0,0,3,0,3,0,0
3,한국,킹리,038439,거,3,20180609,0,1,8,0,6,6000000,5040000
4,한국,에클레어샤인,038711,수,3,20190706,0,0,1,0,1,0,0
5,한국,쏘아라흑장군,039661,수,3,20190120,0,0,6,0,6,1200000,1200000
6,한국,알데바란,038712,암,3,20181215,0,0,4,0,4,0,0
7,한국,코일로,039404,암,3,20181104,1,1,7,14.3,7,31880000,31880000
8,한국,투어다이아,038702,거,3,20180819,0,1,7,0,7,8160000,8160000
9,한국,라온브라이언,038741,거,3,20190609,0,0,3,0,3,3120000,3120000
0,한국,대길이,037511,거,4,20181222,0,0,4,0,4,4320000,4320000
1,한국,천년의고도,039400,수,3,20180908,0,0,5,0,5,960000,960000
2,한국,파크데이,039438,암,3,20181223,0,0,5,0,5,0,0
3,한국,컴플리트모션,038938,암,3,20181208,0,0,7,0,7,12920000,12920000
4,한국,레지나,038918,암,3,20190113,0,0,7,0,7,2000000,2000000
5,한국,플라잉불릿,039356,암,3,20180915,2,0,8,25,8,38480000,38480000
6,한국,반지의함성,038525,거,3,20181104,1,3,7,14.3,7,70800000,70800000
7,한국,희망스타,037465,암,4,20170924,0,2,20,0,13,50360000,28200000
8,한국,크레이지큐,039160,암,3,20181208,1,0,7,14.3,7,15680000,15680000
9,한국,스피드흑룡,038950,거,3,20181013,1,0,8,12.5,8,28800000,28800000
0,한국,윈트세븐,038843,수,3,20180812,1,0,9,11.1,9,45600000,45600000
1,한국,다이아파크,039138,암,3,20181110,0,1,7,0,7,24000000,24000000
2,미국,굿센스,041673,수,3,20180825,0,0,8,0,8,3750000,3750000
3,한국,내가끝판왕,037293,거,4,20171014,0,0,20,0,10,44040000,20400000
4,한국,롤러블레이드,041480,수,2,20190615,2,0,2,100,2,65550000,65550000
5,한국,땡큐마더,039839,암,3,20181020,1,3,8,12.5,8,71400000,71400000
6,한국,프라임퀸,039631,암,3,20190127,1,1,6,16.7,6,27280000,27280000
7,한국,한일매직,035457,수,5,20160827,1,5,36,2.8,13,81840000,22800000
8,한국,카히나,038670,암,3,20180915,1,1,8,12.5,8,21920000,21920000
9,미국,천운동행,041735,암,3,20181013,0,0,8,0,8,0,0
0,한국,두리,037039,암,4,20181124,0,2,8,0,8,22440000,22440000
1,미국,메이플문,041799,수,3,20181021,0,0,8,0,8,3000000,3000000
2,한국,초동보배,038644,암,3,20181020,3,0,5,60,5,85800000,85800000
3,한국,독도야,039774,수,3,20181006,2,4,7,28.6,7,105600000,105600000
4,한국,로열프린스,037736,거,4,20171223,1,3,16,6.3,10,75200000,42000000
5,한국,머니지프,037662,거,4,20171015,2,1,22,9.1,12,81400000,44200000
6,한국,헤일로버드,034288,암,6,20151115,2,1,31,6.5,10,87750000,31950000
7,한국,골든스텝,035590,거,5,20161002,3,3,21,14.3,10,112340000,7800000
8,한국,초오롱마,035652,암,5,20161211,1,3,32,3.1,12,90940000,26400000
9,한국,급행마,039587,수,3,20180819,1,3,11,9.1,11,44400000,44400000
0,한국,볼드나이너,034948,암,5,20170211,2,3,29,6.9,12,101200000,28800000
1,미국,톱브레인,039844,거,4,20180707,2,1,7,28.6,6,87000000,84000000
2,미국,문학아치,039842,거,4,20170709,0,2,10,0,4,21000000,21000000
3,미국,클린업히어로,038060,수,5,20161105,1,1,17,5.9,8,80250000,11550000
4,미국,퀀텀점프,041721,수,3,20181027,0,0,5,0,5,3000000,3000000
5,미국,어울더울,038053,거,5,20161217,1,0,29,3.4,13,74400000,24600000
6,미국,로열훼이버,034646,거,7,20141206,1,1,49,2,12,126500000,18000000
7,미국,위대한파이터,041808,거,3,20190303,0,0,4,0,4,0,0
8,미국,아토,041695,수,3,20181021,0,0,3,0,3,0,0
9,미국,시스푸마캡틴,041853,거,3,20190126,0,0,2,0,2,0,0
0,호주,나스카의별,039822,거,4,20170716,0,0,13,0,7,21600000,10800000
1,미국,인천캡틴,041786,수,3,20190706,0,0,0,0,0,0,0
2,미국,케이엔에이스,041599,암,3,20180811,1,1,5,20,5,65100000,65100000
3,미국,페이버드옵더로드,041690,암,3,20180818,0,0,5,0,5,0,0
4,아일랜드,피엔에스아리,041777,암,3,20190706,0,0,1,0,1,0,0
5,미국,마이시스터니나,041852,암,3,20190316,1,1,5,20,5,49950000,49950000
6,미국,패션플레이어,041670,암,3,20190217,0,0,5,0,5,13500000,13500000
7,미국,금성여왕,038253,암,4,20170930,1,0,13,7.7,9,42350000,39950000
8,한국,흰별,037507,암,4,20180224,2,2,15,13.3,10,84600000,30600000
9,미국,에코퍼스트온,041666,암,3,20181110,0,0,4,0,4,0,0
0,미국,위즈레이나,039964,암,4,20171014,0,1,15,0,10,53850000,24750000
1,미국,잘루지,039966,암,4,20170923,1,0,17,5.9,8,58950000,0
2,일본,금아레이스,040076,암,4,20181124,0,0,4,0,4,0,0
3,한국,레드블레이드,039339,거,3,20180930,3,2,9,33.3,9,120990000,120990000
4,한국,교룡운우,038858,수,3,20180826,3,2,9,33.3,9,135300000,135300000
5,한국,님의향기,039094,수,3,20181027,3,3,9,33.3,9,141950000,141950000
6,한국,스카이돌풍,037858,수,4,20170709,3,2,21,14.3,11,122150000,72150000
7,한국,강촌의별,036959,암,4,20180203,3,3,18,16.7,13,127500000,35100000
8,한국,말라카스,035799,수,5,20170819,3,3,21,14.3,11,137340000,101600000
9,한국,현무,036223,거,5,20160723,2,5,28,7.1,10,142200000,20250000
0,한국,쾌한예봉산,037458,암,4,20170909,4,2,18,22.2,9,140230000,89550000
1,한국,가라가라가,037564,수,4,20171210,2,4,19,10.5,14,128900000,69900000
2,한국,글로벌퀸,035525,암,5,20161225,3,4,12,25,7,168900000,78900000
3,한국,날아라힐,038584,암,3,20181208,1,1,5,20,5,28480000,28480000
4,한국,천지애가,039285,암,3,20190609,0,1,2,0,2,5040000,5040000
5,한국,대지공주,036934,암,4,20171202,0,1,11,0,10,13840000,13840000
6,한국,곡마단,038841,수,3,20190302,0,0,3,0,3,1200000,1200000
7,한국,백색광채,039422,수,3,20181111,0,1,8,0,8,16960000,16960000
8,한국,호남대로,039743,거,3,20181020,0,0,5,0,5,0,0
9,한국,원더풀팡팡,039292,암,3,20180825,0,0,8,0,8,10200000,10200000
0,한국,샌드루이스,038501,거,3,20190707,0,0,1,0,1,0,0
1,한국,비카브레이싱,037906,수,4,20180421,4,1,10,40,9,125510000,125510000
2,미국,하와이보스,036581,거,5,20160709,0,4,20,0,7,86250000,32250000
3,미국,샤크런,038098,암,5,20170408,3,1,19,15.8,10,170200000,13350000
4,미국,롱히터,039794,거,4,20171125,0,4,13,0,8,56550000,28950000
5,한국,금아킹덤,038952,수,3,20180728,2,3,10,20,10,113400000,113400000
6,한국,스트롱러너,036943,수,4,20171119,2,4,19,10.5,14,122640000,96800000
7,미국,캣츠미라클,041734,거,3,20181110,1,1,6,16.7,6,49950000,49950000
8,미국,대군의길,041683,수,3,20181110,1,2,8,12.5,8,76050000,76050000
9,미국,에코골드,040063,수,4,20171224,1,1,17,5.9,11,92400000,70800000
0,미국,글로벌캡틴,041745,수,3,20181013,5,0,7,71.4,7,300750000,300750000
1,한국,횡운골,036957,수,4,20170701,5,3,19,26.3,11,327750000,139850000
2,미국,다이아삭스,038050,수,5,20160827,3,8,19,15.8,5,396100000,106300000
3,한국,리드머니,036247,암,5,20160828,5,4,30,16.7,10,630400000,376800000
4,한국,마스크,037040,수,4,20170722,5,6,16,31.3,7,806140000,344800000
5,미국,광복칠십,036501,수,6,20151003,6,2,28,21.4,7,409550000,30600000
6,미국,원더볼트,031133,거,9,20121013,8,13,54,14.8,7,983794000,0
7,미국,이스트팔로스,039986,수,4,20171014,4,2,18,22.2,9,265350000,107400000
8,한국,글로벌뱅크,037724,수,4,20170910,4,5,17,23.5,8,294100000,158000000
9,한국,넌감동이야,035686,거,5,20161211,4,4,27,14.8,12,258750000,63900000
0,한국,오케이데이,037625,수,4,20171202,2,1,5,40,5,46480000,46480000
1,한국,인듀어런스,038666,수,3,20181216,1,4,9,11.1,9,62200000,62200000
2,한국,플라잉조이,037495,수,4,20171202,0,4,21,0,14,70640000,48400000
3,한국,글로리번,037389,암,4,20171021,1,0,21,4.8,13,32440000,29240000
4,한국,일마레,039565,수,3,20181208,1,1,7,14.3,7,29800000,29800000
5,한국,미사일캔디,036914,수,4,20180203,1,0,12,8.3,10,20880000,20880000
6,한국,포제이케이,037014,암,4,20170826,0,1,20,0,10,21880000,7840000
7,한국,굳세어라,036839,암,4,20180120,0,2,18,0,13,20080000,20080000
8,한국,브레인스피더,038595,암,3,20180929,1,0,7,14.3,7,22800000,22800000
9,한국,최강팀,040338,수,2,20190707,1,0,1,100,1,34200000,34200000
0,한국,레전드윈,040509,수,2,20190707,0,0,1,0,1,0,0
1,한국,페더럴킹,040269,수,2,20190615,0,0,1,0,1,0,0
2,한국,킹오브더필드,041528,수,2,20190707,0,0,1,0,1,0,0
3,한국,컴플리트킹덤,040659,수,2,20190707,0,1,1,0,1,12600000,12600000
4,한국,라온베스트맨,040949,수,2,20190707,0,0,1,0,1,7800000,7800000
5,한국,머니챔프,040297,수,2,20190707,0,0,1,0,1,3000000,3000000
6,한국,스트롱퀸,040613,암,2,20190707,0,0,1,0,1,2400000,2400000
7,한국,제이에스파워,040372,수,2,20190707,0,0,1,0,1,0,0
8,한국,에이스윈,040936,암,2,20190707,0,0,1,0,1,0,0
9,한국,단비와호수,041405,암,2,20190707,0,0,1,0,1,0,0
0,한국,원더플레이스,040717,암,2,20190707,0,0,1,0,1,0,0
1,한국,검향,039403,암,3,20190216,2,1,5,40,5,59200000,59200000
2,한국,투엠오케이,037357,거,4,20180311,1,1,8,12.5,5,28480000,13200000
3,한국,해왕,039676,수,3,20180902,0,2,10,0,10,23680000,23680000
4,미국,베스트이펙트,038251,거,4,20170923,0,0,14,0,7,18200000,2000000
5,한국,웃게해줄게,039504,거,3,20181117,1,0,6,16.7,6,22400000,22400000
6,한국,하이비트,037777,거,4,20170924,1,0,6,16.7,4,35080000,0
7,한국,드래곤보트,038707,거,3,20181208,0,2,8,0,8,28200000,28200000
8,한국,큐피드초이스,039104,암,3,20181110,0,1,8,0,8,14640000,14640000
9,한국,남원퀸,035679,암,5,20170318,1,3,26,3.8,11,60800000,10400000
0,한국,안양레오파드,037950,암,4,20181110,0,2,7,0,7,12880000,12880000
1,한국,천지폭풍,039570,수,3,20181104,1,1,9,11.1,9,32880000,32880000
2,한국,과천의별,039673,암,3,20181027,0,1,7,0,7,8160000,8160000
3,한국,리슨트드림,039322,암,3,20190223,0,0,5,0,5,3120000,3120000
4,한국,형마푸부,037392,암,4,20180311,0,0,8,0,8,10000000,10000000
5,한국,가가나,041647,수,2,20190525,0,0,2,0,2,960000,960000
6,한국,에이스컨트리,039037,거,3,20181215,0,0,2,0,2,0,0
7,한국,에이스고고,039250,암,3,20190302,0,0,5,0,5,0,0
8,한국,미스선샤인,039455,암,3,20181202,0,0,8,0,8,0,0
9,한국,라온칸,039040,거,3,20181117,2,0,6,33.3,6,47200000,47200000
0,한국,로열탱크,037454,수,4,20171001,0,2,21,0,11,25240000,6000000
1,한국,슬링스톤,038622,거,3,20181020,1,2,8,12.5,8,40880000,40880000
2,한국,블랙징가,037345,암,4,20180414,0,3,15,0,11,37520000,35920000
3,한국,페더라이트,038480,암,3,20181021,0,1,11,0,11,35400000,35400000
4,한국,시스푸마위너,035165,거,5,20161218,2,2,27,7.4,9,71900000,33600000
5,미국,영웅불패,034535,거,7,20160312,0,1,41,0,13,39600000,0
6,한국,승리라이크,037680,거,4,20170701,1,1,13,7.7,7,28880000,21680000
7,한국,시티챔프,035231,수,5,20160911,0,3,23,0,4,46940000,0
8,한국,선빅터,034069,수,6,20151031,2,0,33,6.1,8,52600000,6800000
9,미국,파이트투데이,041751,수,3,20190324,1,0,5,20,5,61500000,61500000
0,한국,큐피드데이트,036753,거,4,20170709,2,1,19,10.5,10,92680000,54600000
1,미국,황금의발,039970,수,4,20170910,0,0,9,0,5,0,0
2,미국,선스타트,040013,수,4,20171028,0,3,19,0,12,68400000,43200000
3,한국,대천에이스,035218,수,5,20170916,2,4,23,8.7,12,118480000,76200000
4,미국,맹주,041661,수,3,20180825,0,0,7,0,7,15600000,15600000
5,미국,동방지존,041699,수,3,20181013,0,1,9,0,9,30750000,30750000
6,한국,메인이벤트,037817,수,4,20170916,2,2,22,9.1,12,54480000,49440000
7,미국,돌격앞으로,041667,암,3,20190420,0,1,4,0,4,12600000,12600000
8,미국,리암스무니,041870,거,3,20190303,0,0,4,0,4,3000000,3000000
9,한국,동작,038873,거,3,20180623,2,0,12,16.7,11,52560000,52560000
